,Unnamed: 0,index,Reference,Distorted,Metric,Metric_val,Mask,Subjective
0,0,444,blue_hair_1920x1080_30.yuv,enc_res_kingsoft_v1_mv_offline_2k_v1_blue_hair_33.mp4,niqe,10.877,True,5.673068297172945
1,1,420,blue_hair_1920x1080_30.yuv,enc_res_kingsoft_v1_mv_offline_2k_v1_blue_hair_33.mp4,niqe,8.8103,False,5.673068297172945
2,2,445,blue_hair_1920x1080_30.yuv,enc_res_kingsoft_v1_mv_offline_2k_v1_blue_hair_38.mp4,niqe,11.116,True,5.66340286203501
3,3,421,blue_hair_1920x1080_30.yuv,enc_res_kingsoft_v1_mv_offline_2k_v1_blue_hair_38.mp4,niqe,9.2161,False,5.66340286203501
4,4,446,blue_hair_1920x1080_30.yuv,enc_res_kingsoft_v1_mv_offline_2k_v1_blue_hair_43.mp4,niqe,11.283,True,5.243526334400184
5,5,422,blue_hair_1920x1080_30.yuv,enc_res_kingsoft_v1_mv_offline_2k_v1_blue_hair_43.mp4,niqe,9.4846,False,5.243526334400184
6,6,92,boys_1920x1080_25.yuv,enc_res_kingsoft_v1_mv_offline_2k_v1_boys_33.mp4,niqe,8.8762,False,4.256369173647472
7,7,116,boys_1920x1080_25.yuv,enc_res_kingsoft_v1_mv_offline_2k_v1_boys_33.mp4,niqe,9.939,True,4.256369173647472
10,10,94,boys_1920x1080_25.yuv,enc_res_kingsoft_v1_mv_offline_2k_v1_boys_44.mp4,niqe,8.5533,False,2.413392476577415
11,11,118,boys_1920x1080_25.yuv,enc_res_kingsoft_v1_mv_offline_2k_v1_boys_44.mp4,niqe,10.097,True,2.413392476577415
12,12,140,game_streamer_1920x1080_30.yuv,enc_res_kingsoft_v1_mv_offline_2k_v1_game_streamer_35.mp4,niqe,5.4403,False,2.2617954164211453
13,13,163,game_streamer_1920x1080_30.yuv,enc_res_kingsoft_v1_mv_offline_2k_v1_game_streamer_35.mp4,niqe,6.3039,True,2.2617954164211453
14,14,164,game_streamer_1920x1080_30.yuv,enc_res_kingsoft_v1_mv_offline_2k_v1_game_streamer_38.mp4,niqe,6.3542,True,2.087587413660723
15,15,141,game_streamer_1920x1080_30.yuv,enc_res_kingsoft_v1_mv_offline_2k_v1_game_streamer_38.mp4,niqe,5.3342,False,2.087587413660723
16,16,165,game_streamer_1920x1080_30.yuv,enc_res_kingsoft_v1_mv_offline_2k_v1_game_streamer_40.mp4,niqe,6.4333,True,1.6196787278474123
17,17,142,game_streamer_1920x1080_30.yuv,enc_res_kingsoft_v1_mv_offline_2k_v1_game_streamer_40.mp4,niqe,5.2895,False,1.6196787278474123
18,18,186,happy_dog_1920x1080_60.yuv,enc_res_kingsoft_v1_mv_offline_2k_v1_happy_dog_36.mp4,niqe,6.6877,False,5.686362388379153
19,19,209,happy_dog_1920x1080_60.yuv,enc_res_kingsoft_v1_mv_offline_2k_v1_happy_dog_36.mp4,niqe,8.0662,True,5.686362388379153
20,20,187,happy_dog_1920x1080_60.yuv,enc_res_kingsoft_v1_mv_offline_2k_v1_happy_dog_42.mp4,niqe,7.1157,False,4.968874392722927
21,21,210,happy_dog_1920x1080_60.yuv,enc_res_kingsoft_v1_mv_offline_2k_v1_happy_dog_42.mp4,niqe,8.5945,True,4.968874392722927
22,22,188,happy_dog_1920x1080_60.yuv,enc_res_kingsoft_v1_mv_offline_2k_v1_happy_dog_47.mp4,niqe,7.6793,False,4.273562604975009
23,23,211,happy_dog_1920x1080_60.yuv,enc_res_kingsoft_v1_mv_offline_2k_v1_happy_dog_47.mp4,niqe,9.1764,True,4.273562604975009
24,24,232,light_show_1920x1080_30.yuv,enc_res_kingsoft_v1_mv_offline_2k_v1_light_show_29.mp4,niqe,8.4245,False,4.62792713211608
25,25,256,light_show_1920x1080_30.yuv,enc_res_kingsoft_v1_mv_offline_2k_v1_light_show_29.mp4,niqe,11.812,True,4.62792713211608
26,26,233,light_show_1920x1080_30.yuv,enc_res_kingsoft_v1_mv_offline_2k_v1_light_show_34.mp4,niqe,8.5217,False,4.0439905130696845
27,27,257,light_show_1920x1080_30.yuv,enc_res_kingsoft_v1_mv_offline_2k_v1_light_show_34.mp4,niqe,11.827,True,4.0439905130696845
28,28,258,light_show_1920x1080_30.yuv,enc_res_kingsoft_v1_mv_offline_2k_v1_light_show_40.mp4,niqe,11.854,True,3.613118885110715
29,29,234,light_show_1920x1080_30.yuv,enc_res_kingsoft_v1_mv_offline_2k_v1_light_show_40.mp4,niqe,8.6663,False,3.613118885110715
30,30,280,mountain_dog_1920x1080_30.yuv,enc_res_kingsoft_v1_mv_offline_2k_v1_mountain_dog_35.mp4,niqe,7.9124,False,2.4327602530813377
31,31,304,mountain_dog_1920x1080_30.yuv,enc_res_kingsoft_v1_mv_offline_2k_v1_mountain_dog_35.mp4,niqe,8.9031,True,2.4327602530813377
32,32,281,mountain_dog_1920x1080_30.yuv,enc_res_kingsoft_v1_mv_offline_2k_v1_mountain_dog_39.mp4,niqe,8.0573,False,2.439483496223989
33,33,305,mountain_dog_1920x1080_30.yuv,enc_res_kingsoft_v1_mv_offline_2k_v1_mountain_dog_39.mp4,niqe,9.0654,True,2.439483496223989
34,34,306,mountain_dog_1920x1080_30.yuv,enc_res_kingsoft_v1_mv_offline_2k_v1_mountain_dog_42.mp4,niqe,9.2908,True,1.8296463835402008
35,35,282,mountain_dog_1920x1080_30.yuv,enc_res_kingsoft_v1_mv_offline_2k_v1_mountain_dog_42.mp4,niqe,8.245,False,1.8296463835402008
36,36,328,pool_underwater_1920x1080_25.yuv,enc_res_kingsoft_v1_mv_offline_2k_v1_pool_underwater_41.mp4,niqe,8.9116,False,4.6838389059052
37,37,350,pool_underwater_1920x1080_25.yuv,enc_res_kingsoft_v1_mv_offline_2k_v1_pool_underwater_41.mp4,niqe,9.3964,True,4.6838389059052
38,38,329,pool_underwater_1920x1080_25.yuv,enc_res_kingsoft_v1_mv_offline_2k_v1_pool_underwater_45.mp4,niqe,8.6315,False,3.9381495109300415
39,39,351,pool_underwater_1920x1080_25.yuv,enc_res_kingsoft_v1_mv_offline_2k_v1_pool_underwater_45.mp4,niqe,9.3296,True,3.9381495109300415
40,40,330,pool_underwater_1920x1080_25.yuv,enc_res_kingsoft_v1_mv_offline_2k_v1_pool_underwater_50.mp4,niqe,8.2886,False,2.7804859826463257
41,41,352,pool_underwater_1920x1080_25.yuv,enc_res_kingsoft_v1_mv_offline_2k_v1_pool_underwater_50.mp4,niqe,9.1783,True,2.7804859826463257
42,42,372,pumba_1920x1080_30.yuv,enc_res_kingsoft_v1_mv_offline_2k_v1_pumba_33.mp4,niqe,12.192,False,3.2317909055701373
43,43,396,pumba_1920x1080_30.yuv,enc_res_kingsoft_v1_mv_offline_2k_v1_pumba_33.mp4,niqe,12.632,True,3.2317909055701373
44,44,373,pumba_1920x1080_30.yuv,enc_res_kingsoft_v1_mv_offline_2k_v1_pumba_37.mp4,niqe,11.395,False,3.0168098377746557
45,45,397,pumba_1920x1080_30.yuv,enc_res_kingsoft_v1_mv_offline_2k_v1_pumba_37.mp4,niqe,12.793,True,3.0168098377746557
46,46,374,pumba_1920x1080_30.yuv,enc_res_kingsoft_v1_mv_offline_2k_v1_pumba_41.mp4,niqe,10.603,False,2.278083060265808
47,47,398,pumba_1920x1080_30.yuv,enc_res_kingsoft_v1_mv_offline_2k_v1_pumba_41.mp4,niqe,12.824,True,2.278083060265808
48,48,0,tourist_1920x1080_60.yuv,enc_res_kingsoft_v1_mv_offline_2k_v1_tourist_30.mp4,niqe,5.6523,False,2.9253659938959617
49,49,24,tourist_1920x1080_60.yuv,enc_res_kingsoft_v1_mv_offline_2k_v1_tourist_30.mp4,niqe,6.8061,True,2.9253659938959617
50,50,25,tourist_1920x1080_60.yuv,enc_res_kingsoft_v1_mv_offline_2k_v1_tourist_35.mp4,niqe,6.8457,True,2.8991198506871108
51,51,1,tourist_1920x1080_60.yuv,enc_res_kingsoft_v1_mv_offline_2k_v1_tourist_35.mp4,niqe,5.6905,False,2.8991198506871108
52,52,2,tourist_1920x1080_60.yuv,enc_res_kingsoft_v1_mv_offline_2k_v1_tourist_41.mp4,niqe,5.7992,False,1.9247942986328983
53,53,26,tourist_1920x1080_60.yuv,enc_res_kingsoft_v1_mv_offline_2k_v1_tourist_41.mp4,niqe,6.9487,True,1.9247942986328983
54,54,48,winter_riding_1920x1080_30.yuv,enc_res_kingsoft_v1_mv_offline_2k_v1_winter_riding_42.mp4,niqe,5.2895,False,5.200045585951776
55,55,70,winter_riding_1920x1080_30.yuv,enc_res_kingsoft_v1_mv_offline_2k_v1_winter_riding_42.mp4,niqe,6.4048,True,5.200045585951776
56,56,71,winter_riding_1920x1080_30.yuv,enc_res_kingsoft_v1_mv_offline_2k_v1_winter_riding_46.mp4,niqe,6.8432,True,4.297527371768411
57,57,49,winter_riding_1920x1080_30.yuv,enc_res_kingsoft_v1_mv_offline_2k_v1_winter_riding_46.mp4,niqe,5.6678,False,4.297527371768411
58,58,50,winter_riding_1920x1080_30.yuv,enc_res_kingsoft_v1_mv_offline_2k_v1_winter_riding_51.mp4,niqe,5.8031,False,3.1098792484366844
59,59,72,winter_riding_1920x1080_30.yuv,enc_res_kingsoft_v1_mv_offline_2k_v1_winter_riding_51.mp4,niqe,7.0161,True,3.1098792484366844
60,60,447,blue_hair_1920x1080_30.yuv,enc_res_kingsoft_v2_mv_offline_2k_blue_hair_33.mp4,niqe,11.144,True,6.346977572482853
61,61,423,blue_hair_1920x1080_30.yuv,enc_res_kingsoft_v2_mv_offline_2k_blue_hair_33.mp4,niqe,9.2575,False,6.346977572482853
62,62,448,blue_hair_1920x1080_30.yuv,enc_res_kingsoft_v2_mv_offline_2k_blue_hair_39.mp4,niqe,11.162,True,6.177970683278712
63,63,424,blue_hair_1920x1080_30.yuv,enc_res_kingsoft_v2_mv_offline_2k_blue_hair_39.mp4,niqe,9.3487,False,6.177970683278712
64,64,449,blue_hair_1920x1080_30.yuv,enc_res_kingsoft_v2_mv_offline_2k_blue_hair_45.mp4,niqe,11.265,True,5.417861161606206
65,65,425,blue_hair_1920x1080_30.yuv,enc_res_kingsoft_v2_mv_offline_2k_blue_hair_45.mp4,niqe,9.5398,False,5.417861161606206
66,66,119,boys_1920x1080_25.yuv,enc_res_kingsoft_v2_mv_offline_2k_boys_32.mp4,niqe,10.136,True,5.206694116333419
67,67,95,boys_1920x1080_25.yuv,enc_res_kingsoft_v2_mv_offline_2k_boys_32.mp4,niqe,8.4606,False,5.206694116333419
68,68,120,boys_1920x1080_25.yuv,enc_res_kingsoft_v2_mv_offline_2k_boys_38.mp4,niqe,10.223,True,4.583674168014015
69,69,96,boys_1920x1080_25.yuv,enc_res_kingsoft_v2_mv_offline_2k_boys_38.mp4,niqe,8.5664,False,4.583674168014015
70,70,121,boys_1920x1080_25.yuv,enc_res_kingsoft_v2_mv_offline_2k_boys_44.mp4,niqe,10.351,True,3.0368390144204147
71,71,97,boys_1920x1080_25.yuv,enc_res_kingsoft_v2_mv_offline_2k_boys_44.mp4,niqe,8.6443,False,3.0368390144204147
72,72,166,game_streamer_1920x1080_30.yuv,enc_res_kingsoft_v2_mv_offline_2k_game_streamer_33.mp4,niqe,6.7882,True,3.42309942969763
73,73,143,game_streamer_1920x1080_30.yuv,enc_res_kingsoft_v2_mv_offline_2k_game_streamer_33.mp4,niqe,5.6726,False,3.42309942969763
74,74,167,game_streamer_1920x1080_30.yuv,enc_res_kingsoft_v2_mv_offline_2k_game_streamer_36.mp4,niqe,6.9287,True,3.091838809536726
75,75,144,game_streamer_1920x1080_30.yuv,enc_res_kingsoft_v2_mv_offline_2k_game_streamer_36.mp4,niqe,5.6289,False,3.091838809536726
76,76,145,game_streamer_1920x1080_30.yuv,enc_res_kingsoft_v2_mv_offline_2k_game_streamer_39.mp4,niqe,5.5808,False,2.889996891814178
77,77,168,game_streamer_1920x1080_30.yuv,enc_res_kingsoft_v2_mv_offline_2k_game_streamer_39.mp4,niqe,7.11,True,2.889996891814178
78,78,189,happy_dog_1920x1080_60.yuv,enc_res_kingsoft_v2_mv_offline_2k_happy_dog_40.mp4,niqe,6.5894,False,6.306374806579198
79,79,212,happy_dog_1920x1080_60.yuv,enc_res_kingsoft_v2_mv_offline_2k_happy_dog_40.mp4,niqe,7.9847,True,6.306374806579198
80,80,190,happy_dog_1920x1080_60.yuv,enc_res_kingsoft_v2_mv_offline_2k_happy_dog_45.mp4,niqe,6.9076,False,5.69721475860444
81,81,213,happy_dog_1920x1080_60.yuv,enc_res_kingsoft_v2_mv_offline_2k_happy_dog_45.mp4,niqe,8.3193,True,5.69721475860444
82,82,214,happy_dog_1920x1080_60.yuv,enc_res_kingsoft_v2_mv_offline_2k_happy_dog_50.mp4,niqe,8.8405,True,4.513768049721605
83,83,191,happy_dog_1920x1080_60.yuv,enc_res_kingsoft_v2_mv_offline_2k_happy_dog_50.mp4,niqe,7.414,False,4.513768049721605
84,84,259,light_show_1920x1080_30.yuv,enc_res_kingsoft_v2_mv_offline_2k_light_show_29.mp4,niqe,11.568,True,5.196267720359377
85,85,235,light_show_1920x1080_30.yuv,enc_res_kingsoft_v2_mv_offline_2k_light_show_29.mp4,niqe,8.4142,False,5.196267720359377
86,86,236,light_show_1920x1080_30.yuv,enc_res_kingsoft_v2_mv_offline_2k_light_show_35.mp4,niqe,8.5859,False,4.7486099064758776
87,87,260,light_show_1920x1080_30.yuv,enc_res_kingsoft_v2_mv_offline_2k_light_show_35.mp4,niqe,11.704,True,4.7486099064758776
88,88,237,light_show_1920x1080_30.yuv,enc_res_kingsoft_v2_mv_offline_2k_light_show_41.mp4,niqe,8.8076,False,3.729597200249695
89,89,261,light_show_1920x1080_30.yuv,enc_res_kingsoft_v2_mv_offline_2k_light_show_41.mp4,niqe,11.859,True,3.729597200249695
90,90,307,mountain_dog_1920x1080_30.yuv,enc_res_kingsoft_v2_mv_offline_2k_mountain_dog_36.mp4,niqe,9.3568,True,2.840250767668131
91,91,283,mountain_dog_1920x1080_30.yuv,enc_res_kingsoft_v2_mv_offline_2k_mountain_dog_36.mp4,niqe,8.406,False,2.840250767668131
92,92,284,mountain_dog_1920x1080_30.yuv,enc_res_kingsoft_v2_mv_offline_2k_mountain_dog_40.mp4,niqe,8.5561,False,2.478476807190872
93,93,308,mountain_dog_1920x1080_30.yuv,enc_res_kingsoft_v2_mv_offline_2k_mountain_dog_40.mp4,niqe,9.4991,True,2.478476807190872
94,94,309,mountain_dog_1920x1080_30.yuv,enc_res_kingsoft_v2_mv_offline_2k_mountain_dog_44.mp4,niqe,9.7815,True,2.2101160738811627
95,95,285,mountain_dog_1920x1080_30.yuv,enc_res_kingsoft_v2_mv_offline_2k_mountain_dog_44.mp4,niqe,8.7778,False,2.2101160738811627
96,96,331,pool_underwater_1920x1080_25.yuv,enc_res_kingsoft_v2_mv_offline_2k_pool_underwater_41.mp4,niqe,8.7349,False,4.909338498488629
97,97,353,pool_underwater_1920x1080_25.yuv,enc_res_kingsoft_v2_mv_offline_2k_pool_underwater_41.mp4,niqe,9.2126,True,4.909338498488629
98,98,332,pool_underwater_1920x1080_25.yuv,enc_res_kingsoft_v2_mv_offline_2k_pool_underwater_45.mp4,niqe,8.5572,False,4.324195277834711
99,99,354,pool_underwater_1920x1080_25.yuv,enc_res_kingsoft_v2_mv_offline_2k_pool_underwater_45.mp4,niqe,9.1258,True,4.324195277834711
100,100,355,pool_underwater_1920x1080_25.yuv,enc_res_kingsoft_v2_mv_offline_2k_pool_underwater_50.mp4,niqe,8.9728,True,2.9425481509121214
101,101,333,pool_underwater_1920x1080_25.yuv,enc_res_kingsoft_v2_mv_offline_2k_pool_underwater_50.mp4,niqe,8.2699,False,2.9425481509121214
102,102,399,pumba_1920x1080_30.yuv,enc_res_kingsoft_v2_mv_offline_2k_pumba_31.mp4,niqe,12.496,True,3.828345257421128
103,103,375,pumba_1920x1080_30.yuv,enc_res_kingsoft_v2_mv_offline_2k_pumba_31.mp4,niqe,10.427,False,3.828345257421128
104,104,376,pumba_1920x1080_30.yuv,enc_res_kingsoft_v2_mv_offline_2k_pumba_36.mp4,niqe,10.581,False,3.755994467762024
105,105,400,pumba_1920x1080_30.yuv,enc_res_kingsoft_v2_mv_offline_2k_pumba_36.mp4,niqe,12.497,True,3.755994467762024
106,106,401,pumba_1920x1080_30.yuv,enc_res_kingsoft_v2_mv_offline_2k_pumba_42.mp4,niqe,12.785,True,3.1602915521960484
107,107,377,pumba_1920x1080_30.yuv,enc_res_kingsoft_v2_mv_offline_2k_pumba_42.mp4,niqe,11.049,False,3.1602915521960484
108,108,3,tourist_1920x1080_60.yuv,enc_res_kingsoft_v2_mv_offline_2k_tourist_33.mp4,niqe,5.7786,False,3.508857262275064
109,109,27,tourist_1920x1080_60.yuv,enc_res_kingsoft_v2_mv_offline_2k_tourist_33.mp4,niqe,6.9724,True,3.508857262275064
110,110,28,tourist_1920x1080_60.yuv,enc_res_kingsoft_v2_mv_offline_2k_tourist_39.mp4,niqe,7.0335,True,2.904513127142071
111,111,4,tourist_1920x1080_60.yuv,enc_res_kingsoft_v2_mv_offline_2k_tourist_39.mp4,niqe,5.8102,False,2.904513127142071
112,112,29,tourist_1920x1080_60.yuv,enc_res_kingsoft_v2_mv_offline_2k_tourist_45.mp4,niqe,7.0825,True,2.4058831927555038
113,113,5,tourist_1920x1080_60.yuv,enc_res_kingsoft_v2_mv_offline_2k_tourist_45.mp4,niqe,5.8507,False,2.4058831927555038
114,114,51,winter_riding_1920x1080_30.yuv,enc_res_kingsoft_v2_mv_offline_2k_winter_riding_44.mp4,niqe,5.5544,False,5.326823137182777
115,115,73,winter_riding_1920x1080_30.yuv,enc_res_kingsoft_v2_mv_offline_2k_winter_riding_44.mp4,niqe,6.585,True,5.326823137182777
116,116,74,winter_riding_1920x1080_30.yuv,enc_res_kingsoft_v2_mv_offline_2k_winter_riding_50.mp4,niqe,6.7522,True,4.123719547495732
117,117,52,winter_riding_1920x1080_30.yuv,enc_res_kingsoft_v2_mv_offline_2k_winter_riding_50.mp4,niqe,5.7204,False,4.123719547495732
118,118,75,winter_riding_1920x1080_30.yuv,enc_res_kingsoft_v2_mv_offline_2k_winter_riding_51.mp4,niqe,6.7524,True,3.769923327541314
119,119,53,winter_riding_1920x1080_30.yuv,enc_res_kingsoft_v2_mv_offline_2k_winter_riding_51.mp4,niqe,5.732,False,3.769923327541314
180,180,453,blue_hair_1920x1080_30.yuv,enc_res_svt_av1_mv_offline_2k_blue_hair_40.mp4,niqe,10.999,True,5.5305848584583055
181,181,429,blue_hair_1920x1080_30.yuv,enc_res_svt_av1_mv_offline_2k_blue_hair_40.mp4,niqe,9.0028,False,5.5305848584583055
182,182,430,blue_hair_1920x1080_30.yuv,enc_res_svt_av1_mv_offline_2k_blue_hair_48.mp4,niqe,9.4328,False,5.4081835197032735
183,183,454,blue_hair_1920x1080_30.yuv,enc_res_svt_av1_mv_offline_2k_blue_hair_48.mp4,niqe,11.266,True,5.4081835197032735
184,184,431,blue_hair_1920x1080_30.yuv,enc_res_svt_av1_mv_offline_2k_blue_hair_58.mp4,niqe,9.7919,False,4.723917251086838
185,185,455,blue_hair_1920x1080_30.yuv,enc_res_svt_av1_mv_offline_2k_blue_hair_58.mp4,niqe,11.515,True,4.723917251086838
186,186,125,boys_1920x1080_25.yuv,enc_res_svt_av1_mv_offline_2k_boys_44.mp4,niqe,10.014,True,4.707687281577879
187,187,101,boys_1920x1080_25.yuv,enc_res_svt_av1_mv_offline_2k_boys_44.mp4,niqe,8.9757,False,4.707687281577879
188,188,126,boys_1920x1080_25.yuv,enc_res_svt_av1_mv_offline_2k_boys_54.mp4,niqe,10.14,True,3.588929372315943
189,189,102,boys_1920x1080_25.yuv,enc_res_svt_av1_mv_offline_2k_boys_54.mp4,niqe,8.7645,False,3.588929372315943
190,190,103,boys_1920x1080_25.yuv,enc_res_svt_av1_mv_offline_2k_boys_62.mp4,niqe,8.6643,False,2.01268752783576
191,191,127,boys_1920x1080_25.yuv,enc_res_svt_av1_mv_offline_2k_boys_62.mp4,niqe,10.274,True,2.01268752783576
192,192,172,game_streamer_1920x1080_30.yuv,enc_res_svt_av1_mv_offline_2k_game_streamer_54.mp4,niqe,6.3751,True,2.302250830294941
193,193,149,game_streamer_1920x1080_30.yuv,enc_res_svt_av1_mv_offline_2k_game_streamer_54.mp4,niqe,5.5335,False,2.302250830294941
194,194,150,game_streamer_1920x1080_30.yuv,enc_res_svt_av1_mv_offline_2k_game_streamer_60.mp4,niqe,5.5768,False,1.3644043762240956
195,195,173,game_streamer_1920x1080_30.yuv,enc_res_svt_av1_mv_offline_2k_game_streamer_60.mp4,niqe,6.6156,True,1.3644043762240956
196,196,151,game_streamer_1920x1080_30.yuv,enc_res_svt_av1_mv_offline_2k_game_streamer_63.mp4,niqe,5.6362,False,0.4990683681939778
197,197,174,game_streamer_1920x1080_30.yuv,enc_res_svt_av1_mv_offline_2k_game_streamer_63.mp4,niqe,6.9407,True,0.4990683681939778
198,198,218,happy_dog_1920x1080_60.yuv,enc_res_svt_av1_mv_offline_2k_happy_dog_52.mp4,niqe,8.2184,True,5.7599814108709
199,199,195,happy_dog_1920x1080_60.yuv,enc_res_svt_av1_mv_offline_2k_happy_dog_52.mp4,niqe,6.8559,False,5.7599814108709
200,200,196,happy_dog_1920x1080_60.yuv,enc_res_svt_av1_mv_offline_2k_happy_dog_60.mp4,niqe,7.2452,False,4.993022458738913
201,201,219,happy_dog_1920x1080_60.yuv,enc_res_svt_av1_mv_offline_2k_happy_dog_60.mp4,niqe,8.6688,True,4.993022458738913
202,202,197,happy_dog_1920x1080_60.yuv,enc_res_svt_av1_mv_offline_2k_happy_dog_63.mp4,niqe,7.5388,False,4.323544281838306
203,203,220,happy_dog_1920x1080_60.yuv,enc_res_svt_av1_mv_offline_2k_happy_dog_63.mp4,niqe,8.9578,True,4.323544281838306
204,204,241,light_show_1920x1080_30.yuv,enc_res_svt_av1_mv_offline_2k_light_show_34.mp4,niqe,8.4683,False,4.368277606545231
205,205,265,light_show_1920x1080_30.yuv,enc_res_svt_av1_mv_offline_2k_light_show_34.mp4,niqe,11.857,True,4.368277606545231
206,206,266,light_show_1920x1080_30.yuv,enc_res_svt_av1_mv_offline_2k_light_show_42.mp4,niqe,11.861,True,4.06048742621194
207,207,242,light_show_1920x1080_30.yuv,enc_res_svt_av1_mv_offline_2k_light_show_42.mp4,niqe,8.5495,False,4.06048742621194
208,208,267,light_show_1920x1080_30.yuv,enc_res_svt_av1_mv_offline_2k_light_show_52.mp4,niqe,11.902,True,3.5722602754630985
209,209,243,light_show_1920x1080_30.yuv,enc_res_svt_av1_mv_offline_2k_light_show_52.mp4,niqe,8.7517,False,3.5722602754630985
210,210,313,mountain_dog_1920x1080_30.yuv,enc_res_svt_av1_mv_offline_2k_mountain_dog_50.mp4,niqe,9.1735,True,2.2669291650695715
211,211,289,mountain_dog_1920x1080_30.yuv,enc_res_svt_av1_mv_offline_2k_mountain_dog_50.mp4,niqe,8.2674,False,2.2669291650695715
212,212,290,mountain_dog_1920x1080_30.yuv,enc_res_svt_av1_mv_offline_2k_mountain_dog_56.mp4,niqe,8.4212,False,1.9465434557358396
213,213,314,mountain_dog_1920x1080_30.yuv,enc_res_svt_av1_mv_offline_2k_mountain_dog_56.mp4,niqe,9.2945,True,1.9465434557358396
214,214,291,mountain_dog_1920x1080_30.yuv,enc_res_svt_av1_mv_offline_2k_mountain_dog_60.mp4,niqe,8.5164,False,1.5724487253834094
215,215,315,mountain_dog_1920x1080_30.yuv,enc_res_svt_av1_mv_offline_2k_mountain_dog_60.mp4,niqe,9.4331,True,1.5724487253834094
216,216,359,pool_underwater_1920x1080_25.yuv,enc_res_svt_av1_mv_offline_2k_pool_underwater_58.mp4,niqe,9.5178,True,4.5577894534108285
217,217,337,pool_underwater_1920x1080_25.yuv,enc_res_svt_av1_mv_offline_2k_pool_underwater_58.mp4,niqe,9.0668,False,4.5577894534108285
218,218,360,pool_underwater_1920x1080_25.yuv,enc_res_svt_av1_mv_offline_2k_pool_underwater_63.mp4,niqe,9.3994,True,3.3074719359342404
219,219,338,pool_underwater_1920x1080_25.yuv,enc_res_svt_av1_mv_offline_2k_pool_underwater_63.mp4,niqe,8.7375,False,3.3074719359342404
220,220,405,pumba_1920x1080_30.yuv,enc_res_svt_av1_mv_offline_2k_pumba_42.mp4,niqe,12.839,True,3.6090378947972974
221,221,381,pumba_1920x1080_30.yuv,enc_res_svt_av1_mv_offline_2k_pumba_42.mp4,niqe,12.526,False,3.6090378947972974
222,222,382,pumba_1920x1080_30.yuv,enc_res_svt_av1_mv_offline_2k_pumba_50.mp4,niqe,11.643,False,2.9343508605258863
223,223,406,pumba_1920x1080_30.yuv,enc_res_svt_av1_mv_offline_2k_pumba_50.mp4,niqe,13.082,True,2.9343508605258863
224,224,383,pumba_1920x1080_30.yuv,enc_res_svt_av1_mv_offline_2k_pumba_56.mp4,niqe,11.007,False,2.2230197978776816
225,225,407,pumba_1920x1080_30.yuv,enc_res_svt_av1_mv_offline_2k_pumba_56.mp4,niqe,13.112,True,2.2230197978776816
226,226,9,tourist_1920x1080_60.yuv,enc_res_svt_av1_mv_offline_2k_tourist_40.mp4,niqe,5.6781,False,2.855420239463787
227,227,33,tourist_1920x1080_60.yuv,enc_res_svt_av1_mv_offline_2k_tourist_40.mp4,niqe,6.825,True,2.855420239463787
228,228,34,tourist_1920x1080_60.yuv,enc_res_svt_av1_mv_offline_2k_tourist_50.mp4,niqe,6.848,True,2.57965651113721
229,229,10,tourist_1920x1080_60.yuv,enc_res_svt_av1_mv_offline_2k_tourist_50.mp4,niqe,5.7295,False,2.57965651113721
230,230,35,tourist_1920x1080_60.yuv,enc_res_svt_av1_mv_offline_2k_tourist_58.mp4,niqe,6.9338,True,2.1836600272960727
231,231,11,tourist_1920x1080_60.yuv,enc_res_svt_av1_mv_offline_2k_tourist_58.mp4,niqe,5.82,False,2.1836600272960727
232,232,79,winter_riding_1920x1080_30.yuv,enc_res_svt_av1_mv_offline_2k_winter_riding_61.mp4,niqe,6.6068,True,5.1940579378169724
233,233,57,winter_riding_1920x1080_30.yuv,enc_res_svt_av1_mv_offline_2k_winter_riding_61.mp4,niqe,5.5139,False,5.1940579378169724
234,234,58,winter_riding_1920x1080_30.yuv,enc_res_svt_av1_mv_offline_2k_winter_riding_63.mp4,niqe,5.758,False,4.832943160238411
235,235,80,winter_riding_1920x1080_30.yuv,enc_res_svt_av1_mv_offline_2k_winter_riding_63.mp4,niqe,6.8983,True,4.832943160238411
236,236,432,blue_hair_1920x1080_30.yuv,enc_res_svt_hevc_mv_offline_2k_blue_hair_28.mp4,niqe,8.6129,False,5.579203281635387
237,237,456,blue_hair_1920x1080_30.yuv,enc_res_svt_hevc_mv_offline_2k_blue_hair_28.mp4,niqe,10.696,True,5.579203281635387
238,238,433,blue_hair_1920x1080_30.yuv,enc_res_svt_hevc_mv_offline_2k_blue_hair_33.mp4,niqe,8.8492,False,5.108962307167965
239,239,457,blue_hair_1920x1080_30.yuv,enc_res_svt_hevc_mv_offline_2k_blue_hair_33.mp4,niqe,10.817,True,5.108962307167965
240,240,434,blue_hair_1920x1080_30.yuv,enc_res_svt_hevc_mv_offline_2k_blue_hair_38.mp4,niqe,9.1288,False,3.893108075587005
241,241,458,blue_hair_1920x1080_30.yuv,enc_res_svt_hevc_mv_offline_2k_blue_hair_38.mp4,niqe,10.969,True,3.893108075587005
242,242,128,boys_1920x1080_25.yuv,enc_res_svt_hevc_mv_offline_2k_boys_31.mp4,niqe,9.7851,True,4.168053059852595
243,243,104,boys_1920x1080_25.yuv,enc_res_svt_hevc_mv_offline_2k_boys_31.mp4,niqe,8.6027,False,4.168053059852595
244,244,105,boys_1920x1080_25.yuv,enc_res_svt_hevc_mv_offline_2k_boys_36.mp4,niqe,8.3354,False,2.8878827876980804
245,245,129,boys_1920x1080_25.yuv,enc_res_svt_hevc_mv_offline_2k_boys_36.mp4,niqe,9.7749,True,2.8878827876980804
246,246,106,boys_1920x1080_25.yuv,enc_res_svt_hevc_mv_offline_2k_boys_40.mp4,niqe,8.3099,False,1.6238055834388052
247,247,130,boys_1920x1080_25.yuv,enc_res_svt_hevc_mv_offline_2k_boys_40.mp4,niqe,9.9035,True,1.6238055834388052
248,248,152,game_streamer_1920x1080_30.yuv,enc_res_svt_hevc_mv_offline_2k_game_streamer_34.mp4,niqe,5.233,False,1.6720956242526284
249,249,175,game_streamer_1920x1080_30.yuv,enc_res_svt_hevc_mv_offline_2k_game_streamer_34.mp4,niqe,6.1628,True,1.6720956242526284
250,250,176,game_streamer_1920x1080_30.yuv,enc_res_svt_hevc_mv_offline_2k_game_streamer_36.mp4,niqe,6.2962,True,1.2620629168098842
251,251,153,game_streamer_1920x1080_30.yuv,enc_res_svt_hevc_mv_offline_2k_game_streamer_36.mp4,niqe,5.2045,False,1.2620629168098842
252,252,177,game_streamer_1920x1080_30.yuv,enc_res_svt_hevc_mv_offline_2k_game_streamer_39.mp4,niqe,6.6821,True,0.7351471813818189
253,253,154,game_streamer_1920x1080_30.yuv,enc_res_svt_hevc_mv_offline_2k_game_streamer_39.mp4,niqe,5.3148,False,0.7351471813818189
254,254,221,happy_dog_1920x1080_60.yuv,enc_res_svt_hevc_mv_offline_2k_happy_dog_33.mp4,niqe,7.8657,True,5.631254274617324
255,255,198,happy_dog_1920x1080_60.yuv,enc_res_svt_hevc_mv_offline_2k_happy_dog_33.mp4,niqe,6.3085,False,5.631254274617324
256,256,222,happy_dog_1920x1080_60.yuv,enc_res_svt_hevc_mv_offline_2k_happy_dog_38.mp4,niqe,8.4455,True,5.047177799163194
257,257,199,happy_dog_1920x1080_60.yuv,enc_res_svt_hevc_mv_offline_2k_happy_dog_38.mp4,niqe,6.8908,False,5.047177799163194
258,258,223,happy_dog_1920x1080_60.yuv,enc_res_svt_hevc_mv_offline_2k_happy_dog_43.mp4,niqe,9.2465,True,3.798630757057096
259,259,200,happy_dog_1920x1080_60.yuv,enc_res_svt_hevc_mv_offline_2k_happy_dog_43.mp4,niqe,7.9108,False,3.798630757057096
260,260,268,light_show_1920x1080_30.yuv,enc_res_svt_hevc_mv_offline_2k_light_show_25.mp4,niqe,11.05,True,4.461767916563401
261,261,244,light_show_1920x1080_30.yuv,enc_res_svt_hevc_mv_offline_2k_light_show_25.mp4,niqe,7.657,False,4.461767916563401
262,262,269,light_show_1920x1080_30.yuv,enc_res_svt_hevc_mv_offline_2k_light_show_30.mp4,niqe,11.198,True,3.6384448974527994
263,263,245,light_show_1920x1080_30.yuv,enc_res_svt_hevc_mv_offline_2k_light_show_30.mp4,niqe,7.9615,False,3.6384448974527994
264,264,270,light_show_1920x1080_30.yuv,enc_res_svt_hevc_mv_offline_2k_light_show_36.mp4,niqe,11.448,True,2.540259740678793
265,265,246,light_show_1920x1080_30.yuv,enc_res_svt_hevc_mv_offline_2k_light_show_36.mp4,niqe,8.3972,False,2.540259740678793
266,266,292,mountain_dog_1920x1080_30.yuv,enc_res_svt_hevc_mv_offline_2k_mountain_dog_31.mp4,niqe,7.725,False,2.28471397898669
267,267,316,mountain_dog_1920x1080_30.yuv,enc_res_svt_hevc_mv_offline_2k_mountain_dog_31.mp4,niqe,8.8526,True,2.28471397898669
268,268,317,mountain_dog_1920x1080_30.yuv,enc_res_svt_hevc_mv_offline_2k_mountain_dog_35.mp4,niqe,9.0116,True,1.83378496687532
269,269,293,mountain_dog_1920x1080_30.yuv,enc_res_svt_hevc_mv_offline_2k_mountain_dog_35.mp4,niqe,7.9651,False,1.83378496687532
270,270,294,mountain_dog_1920x1080_30.yuv,enc_res_svt_hevc_mv_offline_2k_mountain_dog_38.mp4,niqe,8.2496,False,1.1440304030700343
271,271,318,mountain_dog_1920x1080_30.yuv,enc_res_svt_hevc_mv_offline_2k_mountain_dog_38.mp4,niqe,9.2195,True,1.1440304030700343
272,272,339,pool_underwater_1920x1080_25.yuv,enc_res_svt_hevc_mv_offline_2k_pool_underwater_36.mp4,niqe,8.1733,False,4.111809630832434
273,273,361,pool_underwater_1920x1080_25.yuv,enc_res_svt_hevc_mv_offline_2k_pool_underwater_36.mp4,niqe,8.7649,True,4.111809630832434
274,274,362,pool_underwater_1920x1080_25.yuv,enc_res_svt_hevc_mv_offline_2k_pool_underwater_40.mp4,niqe,8.8042,True,3.393100826853356
275,275,340,pool_underwater_1920x1080_25.yuv,enc_res_svt_hevc_mv_offline_2k_pool_underwater_40.mp4,niqe,8.1433,False,3.393100826853356
276,276,363,pool_underwater_1920x1080_25.yuv,enc_res_svt_hevc_mv_offline_2k_pool_underwater_43.mp4,niqe,8.8672,True,2.180024295399664
277,277,341,pool_underwater_1920x1080_25.yuv,enc_res_svt_hevc_mv_offline_2k_pool_underwater_43.mp4,niqe,8.1443,False,2.180024295399664
278,278,408,pumba_1920x1080_30.yuv,enc_res_svt_hevc_mv_offline_2k_pumba_29.mp4,niqe,12.56,True,3.097160085630503
279,279,384,pumba_1920x1080_30.yuv,enc_res_svt_hevc_mv_offline_2k_pumba_29.mp4,niqe,11.589,False,3.097160085630503
280,280,409,pumba_1920x1080_30.yuv,enc_res_svt_hevc_mv_offline_2k_pumba_33.mp4,niqe,12.613,True,2.643136791048988
281,281,385,pumba_1920x1080_30.yuv,enc_res_svt_hevc_mv_offline_2k_pumba_33.mp4,niqe,10.773,False,2.643136791048988
282,282,410,pumba_1920x1080_30.yuv,enc_res_svt_hevc_mv_offline_2k_pumba_37.mp4,niqe,12.675,True,1.4414694797204912
283,283,386,pumba_1920x1080_30.yuv,enc_res_svt_hevc_mv_offline_2k_pumba_37.mp4,niqe,10.432,False,1.4414694797204912
284,284,36,tourist_1920x1080_60.yuv,enc_res_svt_hevc_mv_offline_2k_tourist_27.mp4,niqe,6.4682,True,2.9600022918495914
285,285,12,tourist_1920x1080_60.yuv,enc_res_svt_hevc_mv_offline_2k_tourist_27.mp4,niqe,5.2839,False,2.9600022918495914
286,286,13,tourist_1920x1080_60.yuv,enc_res_svt_hevc_mv_offline_2k_tourist_32.mp4,niqe,5.3086,False,2.3516483710336806
287,287,37,tourist_1920x1080_60.yuv,enc_res_svt_hevc_mv_offline_2k_tourist_32.mp4,niqe,6.5191,True,2.3516483710336806
288,288,14,tourist_1920x1080_60.yuv,enc_res_svt_hevc_mv_offline_2k_tourist_38.mp4,niqe,5.3429,False,1.4464867429518296
289,289,38,tourist_1920x1080_60.yuv,enc_res_svt_hevc_mv_offline_2k_tourist_38.mp4,niqe,6.6062,True,1.4464867429518296
290,290,81,winter_riding_1920x1080_30.yuv,enc_res_svt_hevc_mv_offline_2k_winter_riding_38.mp4,niqe,5.9442,True,5.211766276001176
291,291,59,winter_riding_1920x1080_30.yuv,enc_res_svt_hevc_mv_offline_2k_winter_riding_38.mp4,niqe,4.597,False,5.211766276001176
292,292,60,winter_riding_1920x1080_30.yuv,enc_res_svt_hevc_mv_offline_2k_winter_riding_42.mp4,niqe,5.0398,False,4.443043865326779
293,293,82,winter_riding_1920x1080_30.yuv,enc_res_svt_hevc_mv_offline_2k_winter_riding_42.mp4,niqe,6.3925,True,4.443043865326779
294,294,61,winter_riding_1920x1080_30.yuv,enc_res_svt_hevc_mv_offline_2k_winter_riding_46.mp4,niqe,5.7318,False,2.841769249748518
295,295,83,winter_riding_1920x1080_30.yuv,enc_res_svt_hevc_mv_offline_2k_winter_riding_46.mp4,niqe,7.1053,True,2.841769249748518
296,296,435,blue_hair_1920x1080_30.yuv,enc_res_svt_vp9_mv_offline_2k_blue_hair_45.mp4,niqe,8.4344,False,5.541520546818917
297,297,459,blue_hair_1920x1080_30.yuv,enc_res_svt_vp9_mv_offline_2k_blue_hair_45.mp4,niqe,10.298,True,5.541520546818917
298,298,460,blue_hair_1920x1080_30.yuv,enc_res_svt_vp9_mv_offline_2k_blue_hair_54.mp4,niqe,10.516,True,4.528711020730032
299,299,436,blue_hair_1920x1080_30.yuv,enc_res_svt_vp9_mv_offline_2k_blue_hair_54.mp4,niqe,8.8193,False,4.528711020730032
300,300,461,blue_hair_1920x1080_30.yuv,enc_res_svt_vp9_mv_offline_2k_blue_hair_62.mp4,niqe,10.667,True,3.1366945348370097
301,301,437,blue_hair_1920x1080_30.yuv,enc_res_svt_vp9_mv_offline_2k_blue_hair_62.mp4,niqe,9.0654,False,3.1366945348370097
302,302,131,boys_1920x1080_25.yuv,enc_res_svt_vp9_mv_offline_2k_boys_53.mp4,niqe,9.4132,True,3.428521528794996
303,303,107,boys_1920x1080_25.yuv,enc_res_svt_vp9_mv_offline_2k_boys_53.mp4,niqe,8.0035,False,3.428521528794996
304,304,108,boys_1920x1080_25.yuv,enc_res_svt_vp9_mv_offline_2k_boys_61.mp4,niqe,7.8788,False,1.8690413135943564
305,305,132,boys_1920x1080_25.yuv,enc_res_svt_vp9_mv_offline_2k_boys_61.mp4,niqe,9.4216,True,1.8690413135943564
306,306,133,boys_1920x1080_25.yuv,enc_res_svt_vp9_mv_offline_2k_boys_63.mp4,niqe,9.385,True,1.1787658059386974
307,307,109,boys_1920x1080_25.yuv,enc_res_svt_vp9_mv_offline_2k_boys_63.mp4,niqe,7.8494,False,1.1787658059386974
308,308,155,game_streamer_1920x1080_30.yuv,enc_res_svt_vp9_mv_offline_2k_game_streamer_60.mp4,niqe,5.3817,False,1.1886798531174143
309,309,178,game_streamer_1920x1080_30.yuv,enc_res_svt_vp9_mv_offline_2k_game_streamer_60.mp4,niqe,6.2407,True,1.1886798531174143
310,310,179,game_streamer_1920x1080_30.yuv,enc_res_svt_vp9_mv_offline_2k_game_streamer_63.mp4,niqe,6.5778,True,0.2374986171037001
311,311,156,game_streamer_1920x1080_30.yuv,enc_res_svt_vp9_mv_offline_2k_game_streamer_63.mp4,niqe,5.566,False,0.2374986171037001
312,312,224,happy_dog_1920x1080_60.yuv,enc_res_svt_vp9_mv_offline_2k_happy_dog_56.mp4,niqe,7.9654,True,5.304836070525108
313,313,201,happy_dog_1920x1080_60.yuv,enc_res_svt_vp9_mv_offline_2k_happy_dog_56.mp4,niqe,6.6221,False,5.304836070525108
314,314,225,happy_dog_1920x1080_60.yuv,enc_res_svt_vp9_mv_offline_2k_happy_dog_63.mp4,niqe,8.5924,True,3.965625546673695
315,315,202,happy_dog_1920x1080_60.yuv,enc_res_svt_vp9_mv_offline_2k_happy_dog_63.mp4,niqe,7.3482,False,3.965625546673695
316,316,247,light_show_1920x1080_30.yuv,enc_res_svt_vp9_mv_offline_2k_light_show_40.mp4,niqe,7.7707,False,4.32174023992857
317,317,271,light_show_1920x1080_30.yuv,enc_res_svt_vp9_mv_offline_2k_light_show_40.mp4,niqe,11.111,True,4.32174023992857
318,318,272,light_show_1920x1080_30.yuv,enc_res_svt_vp9_mv_offline_2k_light_show_49.mp4,niqe,11.332,True,3.805051255765068
319,319,248,light_show_1920x1080_30.yuv,enc_res_svt_vp9_mv_offline_2k_light_show_49.mp4,niqe,8.2245,False,3.805051255765068
320,320,249,light_show_1920x1080_30.yuv,enc_res_svt_vp9_mv_offline_2k_light_show_59.mp4,niqe,8.7942,False,2.285218861777734
321,321,273,light_show_1920x1080_30.yuv,enc_res_svt_vp9_mv_offline_2k_light_show_59.mp4,niqe,11.645,True,2.285218861777734
322,322,319,mountain_dog_1920x1080_30.yuv,enc_res_svt_vp9_mv_offline_2k_mountain_dog_53.mp4,niqe,8.8956,True,1.9865801423481209
323,323,295,mountain_dog_1920x1080_30.yuv,enc_res_svt_vp9_mv_offline_2k_mountain_dog_53.mp4,niqe,7.9438,False,1.9865801423481209
324,324,320,mountain_dog_1920x1080_30.yuv,enc_res_svt_vp9_mv_offline_2k_mountain_dog_59.mp4,niqe,9.1375,True,1.358473166098105
325,325,296,mountain_dog_1920x1080_30.yuv,enc_res_svt_vp9_mv_offline_2k_mountain_dog_59.mp4,niqe,8.2667,False,1.358473166098105
326,326,321,mountain_dog_1920x1080_30.yuv,enc_res_svt_vp9_mv_offline_2k_mountain_dog_63.mp4,niqe,9.54,True,0.4175091968946662
327,327,297,mountain_dog_1920x1080_30.yuv,enc_res_svt_vp9_mv_offline_2k_mountain_dog_63.mp4,niqe,8.6335,False,0.4175091968946662
328,328,364,pool_underwater_1920x1080_25.yuv,enc_res_svt_vp9_mv_offline_2k_pool_underwater_60.mp4,niqe,9.0181,True,3.719495971618657
329,329,342,pool_underwater_1920x1080_25.yuv,enc_res_svt_vp9_mv_offline_2k_pool_underwater_60.mp4,niqe,8.6445,False,3.719495971618657
330,330,365,pool_underwater_1920x1080_25.yuv,enc_res_svt_vp9_mv_offline_2k_pool_underwater_63.mp4,niqe,8.8506,True,3.0387643821390693
331,331,343,pool_underwater_1920x1080_25.yuv,enc_res_svt_vp9_mv_offline_2k_pool_underwater_63.mp4,niqe,8.4207,False,3.0387643821390693
332,332,411,pumba_1920x1080_30.yuv,enc_res_svt_vp9_mv_offline_2k_pumba_50.mp4,niqe,11.868,True,2.9114610057347625
333,333,387,pumba_1920x1080_30.yuv,enc_res_svt_vp9_mv_offline_2k_pumba_50.mp4,niqe,9.941,False,2.9114610057347625
334,334,388,pumba_1920x1080_30.yuv,enc_res_svt_vp9_mv_offline_2k_pumba_58.mp4,niqe,10.052,False,2.05548236159246
335,335,412,pumba_1920x1080_30.yuv,enc_res_svt_vp9_mv_offline_2k_pumba_58.mp4,niqe,12.096,True,2.05548236159246
336,336,389,pumba_1920x1080_30.yuv,enc_res_svt_vp9_mv_offline_2k_pumba_62.mp4,niqe,10.049,False,0.5678506031668848
337,337,413,pumba_1920x1080_30.yuv,enc_res_svt_vp9_mv_offline_2k_pumba_62.mp4,niqe,12.162,True,0.5678506031668848
338,338,39,tourist_1920x1080_60.yuv,enc_res_svt_vp9_mv_offline_2k_tourist_47.mp4,niqe,6.4724,True,2.702250790891464
339,339,15,tourist_1920x1080_60.yuv,enc_res_svt_vp9_mv_offline_2k_tourist_47.mp4,niqe,5.2806,False,2.702250790891464
340,340,16,tourist_1920x1080_60.yuv,enc_res_svt_vp9_mv_offline_2k_tourist_57.mp4,niqe,5.267,False,1.9017618104993743
341,341,40,tourist_1920x1080_60.yuv,enc_res_svt_vp9_mv_offline_2k_tourist_57.mp4,niqe,6.4537,True,1.9017618104993743
342,342,41,tourist_1920x1080_60.yuv,enc_res_svt_vp9_mv_offline_2k_tourist_63.mp4,niqe,6.6198,True,0.6551260773318486
343,343,17,tourist_1920x1080_60.yuv,enc_res_svt_vp9_mv_offline_2k_tourist_63.mp4,niqe,5.3814,False,0.6551260773318486
344,344,84,winter_riding_1920x1080_30.yuv,enc_res_svt_vp9_mv_offline_2k_winter_riding_62.mp4,niqe,6.4663,True,4.910935206282724
345,345,62,winter_riding_1920x1080_30.yuv,enc_res_svt_vp9_mv_offline_2k_winter_riding_62.mp4,niqe,5.2879,False,4.910935206282724
346,346,85,winter_riding_1920x1080_30.yuv,enc_res_svt_vp9_mv_offline_2k_winter_riding_63.mp4,niqe,6.5335,True,4.217130426480109
347,347,63,winter_riding_1920x1080_30.yuv,enc_res_svt_vp9_mv_offline_2k_winter_riding_63.mp4,niqe,5.3772,False,4.217130426480109
348,348,462,blue_hair_1920x1080_30.yuv,enc_res_x264_mv_offline_2k_blue_hair_31.mp4,niqe,11.009,True,4.625323443676742
349,349,438,blue_hair_1920x1080_30.yuv,enc_res_x264_mv_offline_2k_blue_hair_31.mp4,niqe,9.2023,False,4.625323443676742
350,350,463,blue_hair_1920x1080_30.yuv,enc_res_x264_mv_offline_2k_blue_hair_36.mp4,niqe,10.982,True,3.185055091647364
351,351,439,blue_hair_1920x1080_30.yuv,enc_res_x264_mv_offline_2k_blue_hair_36.mp4,niqe,9.3146,False,3.185055091647364
352,352,440,blue_hair_1920x1080_30.yuv,enc_res_x264_mv_offline_2k_blue_hair_44.mp4,niqe,9.3216,False,0.0
353,353,464,blue_hair_1920x1080_30.yuv,enc_res_x264_mv_offline_2k_blue_hair_44.mp4,niqe,10.734,True,0.0
354,354,134,boys_1920x1080_25.yuv,enc_res_x264_mv_offline_2k_boys_30.mp4,niqe,9.7179,True,3.838110902032029
355,355,110,boys_1920x1080_25.yuv,enc_res_x264_mv_offline_2k_boys_30.mp4,niqe,8.3076,False,3.838110902032029
356,356,135,boys_1920x1080_25.yuv,enc_res_x264_mv_offline_2k_boys_35.mp4,niqe,10.056,True,1.8926543897040995
357,357,111,boys_1920x1080_25.yuv,enc_res_x264_mv_offline_2k_boys_35.mp4,niqe,8.5177,False,1.8926543897040995
358,358,136,boys_1920x1080_25.yuv,enc_res_x264_mv_offline_2k_boys_41.mp4,niqe,10.413,True,0.0
359,359,112,boys_1920x1080_25.yuv,enc_res_x264_mv_offline_2k_boys_41.mp4,niqe,8.7577,False,0.0
360,360,157,game_streamer_1920x1080_30.yuv,enc_res_x264_mv_offline_2k_game_streamer_32.mp4,niqe,5.988,False,1.462190775471651
361,361,180,game_streamer_1920x1080_30.yuv,enc_res_x264_mv_offline_2k_game_streamer_32.mp4,niqe,6.8214,True,1.462190775471651
362,362,158,game_streamer_1920x1080_30.yuv,enc_res_x264_mv_offline_2k_game_streamer_34.mp4,niqe,6.0099,False,0.7799539298883944
363,363,181,game_streamer_1920x1080_30.yuv,enc_res_x264_mv_offline_2k_game_streamer_34.mp4,niqe,7.0366,True,0.7799539298883944
364,364,182,game_streamer_1920x1080_30.yuv,enc_res_x264_mv_offline_2k_game_streamer_36.mp4,niqe,7.7113,True,0.0
365,365,159,game_streamer_1920x1080_30.yuv,enc_res_x264_mv_offline_2k_game_streamer_36.mp4,niqe,6.1923,False,0.0
366,366,226,happy_dog_1920x1080_60.yuv,enc_res_x264_mv_offline_2k_happy_dog_32.mp4,niqe,8.764,True,5.088245954822568
367,367,203,happy_dog_1920x1080_60.yuv,enc_res_x264_mv_offline_2k_happy_dog_32.mp4,niqe,7.2382,False,5.088245954822568
368,368,204,happy_dog_1920x1080_60.yuv,enc_res_x264_mv_offline_2k_happy_dog_38.mp4,niqe,8.1919,False,2.5667030902273518
369,369,227,happy_dog_1920x1080_60.yuv,enc_res_x264_mv_offline_2k_happy_dog_38.mp4,niqe,9.5483,True,2.5667030902273518
370,370,205,happy_dog_1920x1080_60.yuv,enc_res_x264_mv_offline_2k_happy_dog_48.mp4,niqe,9.2746,False,0.0
371,371,228,happy_dog_1920x1080_60.yuv,enc_res_x264_mv_offline_2k_happy_dog_48.mp4,niqe,10.227,True,0.0
372,372,274,light_show_1920x1080_30.yuv,enc_res_x264_mv_offline_2k_light_show_26.mp4,niqe,11.702,True,4.053938392154088
373,373,250,light_show_1920x1080_30.yuv,enc_res_x264_mv_offline_2k_light_show_26.mp4,niqe,8.434,False,4.053938392154088
374,374,275,light_show_1920x1080_30.yuv,enc_res_x264_mv_offline_2k_light_show_31.mp4,niqe,11.851,True,2.885475263638515
375,375,251,light_show_1920x1080_30.yuv,enc_res_x264_mv_offline_2k_light_show_31.mp4,niqe,8.798,False,2.885475263638515
376,376,276,light_show_1920x1080_30.yuv,enc_res_x264_mv_offline_2k_light_show_38.mp4,niqe,11.938,True,0.0
377,377,252,light_show_1920x1080_30.yuv,enc_res_x264_mv_offline_2k_light_show_38.mp4,niqe,9.0885,False,0.0
378,378,298,mountain_dog_1920x1080_30.yuv,enc_res_x264_mv_offline_2k_mountain_dog_32.mp4,niqe,8.5684,False,1.781014104055952
379,379,322,mountain_dog_1920x1080_30.yuv,enc_res_x264_mv_offline_2k_mountain_dog_32.mp4,niqe,9.2712,True,1.781014104055952
380,380,323,mountain_dog_1920x1080_30.yuv,enc_res_x264_mv_offline_2k_mountain_dog_34.mp4,niqe,9.7339,True,1.4480469127723332
381,381,299,mountain_dog_1920x1080_30.yuv,enc_res_x264_mv_offline_2k_mountain_dog_34.mp4,niqe,8.847,False,1.4480469127723332
382,382,300,mountain_dog_1920x1080_30.yuv,enc_res_x264_mv_offline_2k_mountain_dog_37.mp4,niqe,9.665,False,0.0
383,383,324,mountain_dog_1920x1080_30.yuv,enc_res_x264_mv_offline_2k_mountain_dog_37.mp4,niqe,10.808,True,0.0
384,384,366,pool_underwater_1920x1080_25.yuv,enc_res_x264_mv_offline_2k_pool_underwater_35.mp4,niqe,9.0312,True,3.668365881859909
385,385,344,pool_underwater_1920x1080_25.yuv,enc_res_x264_mv_offline_2k_pool_underwater_35.mp4,niqe,8.7191,False,3.668365881859909
386,386,345,pool_underwater_1920x1080_25.yuv,enc_res_x264_mv_offline_2k_pool_underwater_39.mp4,niqe,8.9948,False,1.8044571894740733
387,387,367,pool_underwater_1920x1080_25.yuv,enc_res_x264_mv_offline_2k_pool_underwater_39.mp4,niqe,9.8962,True,1.8044571894740733
388,388,368,pool_underwater_1920x1080_25.yuv,enc_res_x264_mv_offline_2k_pool_underwater_42.mp4,niqe,10.82,True,0.0
389,389,346,pool_underwater_1920x1080_25.yuv,enc_res_x264_mv_offline_2k_pool_underwater_42.mp4,niqe,9.647,False,0.0
390,390,390,pumba_1920x1080_30.yuv,enc_res_x264_mv_offline_2k_pumba_31.mp4,niqe,10.294,False,2.71717967227526
391,391,414,pumba_1920x1080_30.yuv,enc_res_x264_mv_offline_2k_pumba_31.mp4,niqe,12.212,True,2.71717967227526
392,392,415,pumba_1920x1080_30.yuv,enc_res_x264_mv_offline_2k_pumba_34.mp4,niqe,11.66,True,1.7527890692276804
393,393,391,pumba_1920x1080_30.yuv,enc_res_x264_mv_offline_2k_pumba_34.mp4,niqe,10.23,False,1.7527890692276804
394,394,416,pumba_1920x1080_30.yuv,enc_res_x264_mv_offline_2k_pumba_38.mp4,niqe,11.948,True,0.0
395,395,392,pumba_1920x1080_30.yuv,enc_res_x264_mv_offline_2k_pumba_38.mp4,niqe,10.707,False,0.0
396,396,18,tourist_1920x1080_60.yuv,enc_res_x264_mv_offline_2k_tourist_25.mp4,niqe,5.4993,False,2.797675080920031
397,397,42,tourist_1920x1080_60.yuv,enc_res_x264_mv_offline_2k_tourist_25.mp4,niqe,6.7556,True,2.797675080920031
398,398,43,tourist_1920x1080_60.yuv,enc_res_x264_mv_offline_2k_tourist_31.mp4,niqe,6.9261,True,1.971530111670201
399,399,19,tourist_1920x1080_60.yuv,enc_res_x264_mv_offline_2k_tourist_31.mp4,niqe,5.6011,False,1.971530111670201
400,400,44,tourist_1920x1080_60.yuv,enc_res_x264_mv_offline_2k_tourist_37.mp4,niqe,7.4313,True,0.0
401,401,20,tourist_1920x1080_60.yuv,enc_res_x264_mv_offline_2k_tourist_37.mp4,niqe,5.8312,False,0.0
402,402,86,winter_riding_1920x1080_30.yuv,enc_res_x264_mv_offline_2k_winter_riding_35.mp4,niqe,7.1675,True,4.7206459997597525
403,403,64,winter_riding_1920x1080_30.yuv,enc_res_x264_mv_offline_2k_winter_riding_35.mp4,niqe,5.4969,False,4.7206459997597525
404,404,87,winter_riding_1920x1080_30.yuv,enc_res_x264_mv_offline_2k_winter_riding_40.mp4,niqe,8.2509,True,2.357304249553178
405,405,65,winter_riding_1920x1080_30.yuv,enc_res_x264_mv_offline_2k_winter_riding_40.mp4,niqe,6.3331,False,2.357304249553178
406,406,66,winter_riding_1920x1080_30.yuv,enc_res_x264_mv_offline_2k_winter_riding_45.mp4,niqe,7.1193,False,0.0
407,407,88,winter_riding_1920x1080_30.yuv,enc_res_x264_mv_offline_2k_winter_riding_45.mp4,niqe,9.3899,True,0.0
408,408,441,blue_hair_1920x1080_30.yuv,enc_res_x265_mv_offline_2k_blue_hair_28.mp4,niqe,8.4612,False,5.296594121085692
409,409,465,blue_hair_1920x1080_30.yuv,enc_res_x265_mv_offline_2k_blue_hair_28.mp4,niqe,10.528,True,5.296594121085692
410,410,442,blue_hair_1920x1080_30.yuv,enc_res_x265_mv_offline_2k_blue_hair_32.mp4,niqe,8.6826,False,5.429375574189711
411,411,466,blue_hair_1920x1080_30.yuv,enc_res_x265_mv_offline_2k_blue_hair_32.mp4,niqe,10.648,True,5.429375574189711
412,412,443,blue_hair_1920x1080_30.yuv,enc_res_x265_mv_offline_2k_blue_hair_37.mp4,niqe,8.948,False,4.502431206238002
413,413,467,blue_hair_1920x1080_30.yuv,enc_res_x265_mv_offline_2k_blue_hair_37.mp4,niqe,10.846,True,4.502431206238002
414,414,137,boys_1920x1080_25.yuv,enc_res_x265_mv_offline_2k_boys_30.mp4,niqe,9.8961,True,4.777004404100672
415,415,113,boys_1920x1080_25.yuv,enc_res_x265_mv_offline_2k_boys_30.mp4,niqe,9.0068,False,4.777004404100672
416,416,114,boys_1920x1080_25.yuv,enc_res_x265_mv_offline_2k_boys_35.mp4,niqe,8.5772,False,3.7253738021190266
417,417,138,boys_1920x1080_25.yuv,enc_res_x265_mv_offline_2k_boys_35.mp4,niqe,9.8641,True,3.7253738021190266
418,418,139,boys_1920x1080_25.yuv,enc_res_x265_mv_offline_2k_boys_40.mp4,niqe,10.062,True,2.279988939007191
419,419,115,boys_1920x1080_25.yuv,enc_res_x265_mv_offline_2k_boys_40.mp4,niqe,8.4302,False,2.279988939007191
420,420,183,game_streamer_1920x1080_30.yuv,enc_res_x265_mv_offline_2k_game_streamer_33.mp4,niqe,6.3804,True,2.179232807804439
421,421,160,game_streamer_1920x1080_30.yuv,enc_res_x265_mv_offline_2k_game_streamer_33.mp4,niqe,5.5292,False,2.179232807804439
422,422,161,game_streamer_1920x1080_30.yuv,enc_res_x265_mv_offline_2k_game_streamer_35.mp4,niqe,5.422,False,1.8848235937821904
423,423,184,game_streamer_1920x1080_30.yuv,enc_res_x265_mv_offline_2k_game_streamer_35.mp4,niqe,6.4789,True,1.8848235937821904
424,424,162,game_streamer_1920x1080_30.yuv,enc_res_x265_mv_offline_2k_game_streamer_37.mp4,niqe,5.2559,False,1.744360648331075
425,425,185,game_streamer_1920x1080_30.yuv,enc_res_x265_mv_offline_2k_game_streamer_37.mp4,niqe,6.5552,True,1.744360648331075
426,426,206,happy_dog_1920x1080_60.yuv,enc_res_x265_mv_offline_2k_happy_dog_31.mp4,niqe,6.1301,False,5.712982031468735
427,427,229,happy_dog_1920x1080_60.yuv,enc_res_x265_mv_offline_2k_happy_dog_31.mp4,niqe,7.6699,True,5.712982031468735
428,428,207,happy_dog_1920x1080_60.yuv,enc_res_x265_mv_offline_2k_happy_dog_36.mp4,niqe,6.6764,False,5.138432239464729
429,429,230,happy_dog_1920x1080_60.yuv,enc_res_x265_mv_offline_2k_happy_dog_36.mp4,niqe,8.1984,True,5.138432239464729
430,430,208,happy_dog_1920x1080_60.yuv,enc_res_x265_mv_offline_2k_happy_dog_41.mp4,niqe,7.5315,False,3.6136078560565865
431,431,231,happy_dog_1920x1080_60.yuv,enc_res_x265_mv_offline_2k_happy_dog_41.mp4,niqe,9.0331,True,3.6136078560565865
432,432,253,light_show_1920x1080_30.yuv,enc_res_x265_mv_offline_2k_light_show_24.mp4,niqe,7.6177,False,4.337436926132175
433,433,277,light_show_1920x1080_30.yuv,enc_res_x265_mv_offline_2k_light_show_24.mp4,niqe,11.075,True,4.337436926132175
434,434,254,light_show_1920x1080_30.yuv,enc_res_x265_mv_offline_2k_light_show_29.mp4,niqe,7.8583,False,4.425079543233946
435,435,278,light_show_1920x1080_30.yuv,enc_res_x265_mv_offline_2k_light_show_29.mp4,niqe,11.175,True,4.425079543233946
436,436,255,light_show_1920x1080_30.yuv,enc_res_x265_mv_offline_2k_light_show_34.mp4,niqe,8.1689,False,3.1643352181875946
437,437,279,light_show_1920x1080_30.yuv,enc_res_x265_mv_offline_2k_light_show_34.mp4,niqe,11.308,True,3.1643352181875946
438,438,301,mountain_dog_1920x1080_30.yuv,enc_res_x265_mv_offline_2k_mountain_dog_32.mp4,niqe,7.8904,False,2.390393673389352
439,439,325,mountain_dog_1920x1080_30.yuv,enc_res_x265_mv_offline_2k_mountain_dog_32.mp4,niqe,8.8743,True,2.390393673389352
440,440,326,mountain_dog_1920x1080_30.yuv,enc_res_x265_mv_offline_2k_mountain_dog_34.mp4,niqe,8.9731,True,2.0215291470432177
441,441,302,mountain_dog_1920x1080_30.yuv,enc_res_x265_mv_offline_2k_mountain_dog_34.mp4,niqe,7.9768,False,2.0215291470432177
442,442,327,mountain_dog_1920x1080_30.yuv,enc_res_x265_mv_offline_2k_mountain_dog_37.mp4,niqe,9.2785,True,1.2236689734030275
443,443,303,mountain_dog_1920x1080_30.yuv,enc_res_x265_mv_offline_2k_mountain_dog_37.mp4,niqe,8.2789,False,1.2236689734030275
444,444,347,pool_underwater_1920x1080_25.yuv,enc_res_x265_mv_offline_2k_pool_underwater_36.mp4,niqe,8.5615,False,4.503874876391317
445,445,369,pool_underwater_1920x1080_25.yuv,enc_res_x265_mv_offline_2k_pool_underwater_36.mp4,niqe,9.1002,True,4.503874876391317
446,446,370,pool_underwater_1920x1080_25.yuv,enc_res_x265_mv_offline_2k_pool_underwater_39.mp4,niqe,9.0396,True,3.836297858188325
447,447,348,pool_underwater_1920x1080_25.yuv,enc_res_x265_mv_offline_2k_pool_underwater_39.mp4,niqe,8.4463,False,3.836297858188325
448,448,371,pool_underwater_1920x1080_25.yuv,enc_res_x265_mv_offline_2k_pool_underwater_42.mp4,niqe,9.1158,True,2.7026546981471595
449,449,349,pool_underwater_1920x1080_25.yuv,enc_res_x265_mv_offline_2k_pool_underwater_42.mp4,niqe,8.3954,False,2.7026546981471595
450,450,417,pumba_1920x1080_30.yuv,enc_res_x265_mv_offline_2k_pumba_29.mp4,niqe,12.873,True,3.4616243217671925
451,451,393,pumba_1920x1080_30.yuv,enc_res_x265_mv_offline_2k_pumba_29.mp4,niqe,12.818,False,3.4616243217671925
452,452,418,pumba_1920x1080_30.yuv,enc_res_x265_mv_offline_2k_pumba_33.mp4,niqe,13.027,True,3.01141296028972
453,453,394,pumba_1920x1080_30.yuv,enc_res_x265_mv_offline_2k_pumba_33.mp4,niqe,11.767,False,3.01141296028972
454,454,395,pumba_1920x1080_30.yuv,enc_res_x265_mv_offline_2k_pumba_37.mp4,niqe,10.631,False,2.065124277511541
455,455,419,pumba_1920x1080_30.yuv,enc_res_x265_mv_offline_2k_pumba_37.mp4,niqe,12.901,True,2.065124277511541
456,456,45,tourist_1920x1080_60.yuv,enc_res_x265_mv_offline_2k_tourist_26.mp4,niqe,6.4643,True,3.0253093357845287
457,457,21,tourist_1920x1080_60.yuv,enc_res_x265_mv_offline_2k_tourist_26.mp4,niqe,5.2693,False,3.0253093357845287
458,458,46,tourist_1920x1080_60.yuv,enc_res_x265_mv_offline_2k_tourist_30.mp4,niqe,6.4719,True,2.4350367483305937
459,459,22,tourist_1920x1080_60.yuv,enc_res_x265_mv_offline_2k_tourist_30.mp4,niqe,5.2806,False,2.4350367483305937
460,460,23,tourist_1920x1080_60.yuv,enc_res_x265_mv_offline_2k_tourist_35.mp4,niqe,5.2814,False,1.6001187631594362
461,461,47,tourist_1920x1080_60.yuv,enc_res_x265_mv_offline_2k_tourist_35.mp4,niqe,6.4937,True,1.6001187631594362
462,462,89,winter_riding_1920x1080_30.yuv,enc_res_x265_mv_offline_2k_winter_riding_37.mp4,niqe,5.8189,True,5.242461319543077
463,463,67,winter_riding_1920x1080_30.yuv,enc_res_x265_mv_offline_2k_winter_riding_37.mp4,niqe,4.5314,False,5.242461319543077
464,464,68,winter_riding_1920x1080_30.yuv,enc_res_x265_mv_offline_2k_winter_riding_41.mp4,niqe,5.1722,False,4.234167906021242
465,465,90,winter_riding_1920x1080_30.yuv,enc_res_x265_mv_offline_2k_winter_riding_41.mp4,niqe,6.4195,True,4.234167906021242
466,466,91,winter_riding_1920x1080_30.yuv,enc_res_x265_mv_offline_2k_winter_riding_46.mp4,niqe,7.6233,True,2.534463149609077
467,467,69,winter_riding_1920x1080_30.yuv,enc_res_x265_mv_offline_2k_winter_riding_46.mp4,niqe,6.3188,False,2.534463149609077
