,index,Reference,Distorted,Metric,Metric_val,Mask
0,444,blue_hair_1920x1080_30.yuv,enc_res_kingsoft_v1_mv_offline_2k_v1_blue_hair_33.mp4,niqe,10.877,True
1,420,blue_hair_1920x1080_30.yuv,enc_res_kingsoft_v1_mv_offline_2k_v1_blue_hair_33.mp4,niqe,8.8103,False
2,445,blue_hair_1920x1080_30.yuv,enc_res_kingsoft_v1_mv_offline_2k_v1_blue_hair_38.mp4,niqe,11.116,True
3,421,blue_hair_1920x1080_30.yuv,enc_res_kingsoft_v1_mv_offline_2k_v1_blue_hair_38.mp4,niqe,9.2161,False
4,446,blue_hair_1920x1080_30.yuv,enc_res_kingsoft_v1_mv_offline_2k_v1_blue_hair_43.mp4,niqe,11.283,True
5,422,blue_hair_1920x1080_30.yuv,enc_res_kingsoft_v1_mv_offline_2k_v1_blue_hair_43.mp4,niqe,9.4846,False
6,92,boys_1920x1080_25.yuv,enc_res_kingsoft_v1_mv_offline_2k_v1_boys_33.mp4,niqe,8.8762,False
7,116,boys_1920x1080_25.yuv,enc_res_kingsoft_v1_mv_offline_2k_v1_boys_33.mp4,niqe,9.939,True
8,117,boys_1920x1080_25.yuv,enc_res_kingsoft_v1_mv_offline_2k_v1_boys_39.mp4,niqe,10.025,True
9,93,boys_1920x1080_25.yuv,enc_res_kingsoft_v1_mv_offline_2k_v1_boys_39.mp4,niqe,8.6836,False
10,94,boys_1920x1080_25.yuv,enc_res_kingsoft_v1_mv_offline_2k_v1_boys_44.mp4,niqe,8.5533,False
11,118,boys_1920x1080_25.yuv,enc_res_kingsoft_v1_mv_offline_2k_v1_boys_44.mp4,niqe,10.097,True
12,140,game_streamer_1920x1080_30.yuv,enc_res_kingsoft_v1_mv_offline_2k_v1_game_streamer_35.mp4,niqe,5.4403,False
13,163,game_streamer_1920x1080_30.yuv,enc_res_kingsoft_v1_mv_offline_2k_v1_game_streamer_35.mp4,niqe,6.3039,True
14,164,game_streamer_1920x1080_30.yuv,enc_res_kingsoft_v1_mv_offline_2k_v1_game_streamer_38.mp4,niqe,6.3542,True
15,141,game_streamer_1920x1080_30.yuv,enc_res_kingsoft_v1_mv_offline_2k_v1_game_streamer_38.mp4,niqe,5.3342,False
16,165,game_streamer_1920x1080_30.yuv,enc_res_kingsoft_v1_mv_offline_2k_v1_game_streamer_40.mp4,niqe,6.4333,True
17,142,game_streamer_1920x1080_30.yuv,enc_res_kingsoft_v1_mv_offline_2k_v1_game_streamer_40.mp4,niqe,5.2895,False
18,186,happy_dog_1920x1080_60.yuv,enc_res_kingsoft_v1_mv_offline_2k_v1_happy_dog_36.mp4,niqe,6.6877,False
19,209,happy_dog_1920x1080_60.yuv,enc_res_kingsoft_v1_mv_offline_2k_v1_happy_dog_36.mp4,niqe,8.0662,True
20,187,happy_dog_1920x1080_60.yuv,enc_res_kingsoft_v1_mv_offline_2k_v1_happy_dog_42.mp4,niqe,7.1157,False
21,210,happy_dog_1920x1080_60.yuv,enc_res_kingsoft_v1_mv_offline_2k_v1_happy_dog_42.mp4,niqe,8.5945,True
22,188,happy_dog_1920x1080_60.yuv,enc_res_kingsoft_v1_mv_offline_2k_v1_happy_dog_47.mp4,niqe,7.6793,False
23,211,happy_dog_1920x1080_60.yuv,enc_res_kingsoft_v1_mv_offline_2k_v1_happy_dog_47.mp4,niqe,9.1764,True
24,232,light_show_1920x1080_30.yuv,enc_res_kingsoft_v1_mv_offline_2k_v1_light_show_29.mp4,niqe,8.4245,False
25,256,light_show_1920x1080_30.yuv,enc_res_kingsoft_v1_mv_offline_2k_v1_light_show_29.mp4,niqe,11.812,True
26,233,light_show_1920x1080_30.yuv,enc_res_kingsoft_v1_mv_offline_2k_v1_light_show_34.mp4,niqe,8.5217,False
27,257,light_show_1920x1080_30.yuv,enc_res_kingsoft_v1_mv_offline_2k_v1_light_show_34.mp4,niqe,11.827,True
28,258,light_show_1920x1080_30.yuv,enc_res_kingsoft_v1_mv_offline_2k_v1_light_show_40.mp4,niqe,11.854,True
29,234,light_show_1920x1080_30.yuv,enc_res_kingsoft_v1_mv_offline_2k_v1_light_show_40.mp4,niqe,8.6663,False
30,280,mountain_dog_1920x1080_30.yuv,enc_res_kingsoft_v1_mv_offline_2k_v1_mountain_dog_35.mp4,niqe,7.9124,False
31,304,mountain_dog_1920x1080_30.yuv,enc_res_kingsoft_v1_mv_offline_2k_v1_mountain_dog_35.mp4,niqe,8.9031,True
32,281,mountain_dog_1920x1080_30.yuv,enc_res_kingsoft_v1_mv_offline_2k_v1_mountain_dog_39.mp4,niqe,8.0573,False
33,305,mountain_dog_1920x1080_30.yuv,enc_res_kingsoft_v1_mv_offline_2k_v1_mountain_dog_39.mp4,niqe,9.0654,True
34,306,mountain_dog_1920x1080_30.yuv,enc_res_kingsoft_v1_mv_offline_2k_v1_mountain_dog_42.mp4,niqe,9.2908,True
35,282,mountain_dog_1920x1080_30.yuv,enc_res_kingsoft_v1_mv_offline_2k_v1_mountain_dog_42.mp4,niqe,8.245,False
36,328,pool_underwater_1920x1080_25.yuv,enc_res_kingsoft_v1_mv_offline_2k_v1_pool_underwater_41.mp4,niqe,8.9116,False
37,350,pool_underwater_1920x1080_25.yuv,enc_res_kingsoft_v1_mv_offline_2k_v1_pool_underwater_41.mp4,niqe,9.3964,True
38,329,pool_underwater_1920x1080_25.yuv,enc_res_kingsoft_v1_mv_offline_2k_v1_pool_underwater_45.mp4,niqe,8.6315,False
39,351,pool_underwater_1920x1080_25.yuv,enc_res_kingsoft_v1_mv_offline_2k_v1_pool_underwater_45.mp4,niqe,9.3296,True
40,330,pool_underwater_1920x1080_25.yuv,enc_res_kingsoft_v1_mv_offline_2k_v1_pool_underwater_50.mp4,niqe,8.2886,False
41,352,pool_underwater_1920x1080_25.yuv,enc_res_kingsoft_v1_mv_offline_2k_v1_pool_underwater_50.mp4,niqe,9.1783,True
42,372,pumba_1920x1080_30.yuv,enc_res_kingsoft_v1_mv_offline_2k_v1_pumba_33.mp4,niqe,12.192,False
43,396,pumba_1920x1080_30.yuv,enc_res_kingsoft_v1_mv_offline_2k_v1_pumba_33.mp4,niqe,12.632,True
44,373,pumba_1920x1080_30.yuv,enc_res_kingsoft_v1_mv_offline_2k_v1_pumba_37.mp4,niqe,11.395,False
45,397,pumba_1920x1080_30.yuv,enc_res_kingsoft_v1_mv_offline_2k_v1_pumba_37.mp4,niqe,12.793,True
46,374,pumba_1920x1080_30.yuv,enc_res_kingsoft_v1_mv_offline_2k_v1_pumba_41.mp4,niqe,10.603,False
47,398,pumba_1920x1080_30.yuv,enc_res_kingsoft_v1_mv_offline_2k_v1_pumba_41.mp4,niqe,12.824,True
48,0,tourist_1920x1080_60.yuv,enc_res_kingsoft_v1_mv_offline_2k_v1_tourist_30.mp4,niqe,5.6523,False
49,24,tourist_1920x1080_60.yuv,enc_res_kingsoft_v1_mv_offline_2k_v1_tourist_30.mp4,niqe,6.8061,True
50,25,tourist_1920x1080_60.yuv,enc_res_kingsoft_v1_mv_offline_2k_v1_tourist_35.mp4,niqe,6.8457,True
51,1,tourist_1920x1080_60.yuv,enc_res_kingsoft_v1_mv_offline_2k_v1_tourist_35.mp4,niqe,5.6905,False
52,2,tourist_1920x1080_60.yuv,enc_res_kingsoft_v1_mv_offline_2k_v1_tourist_41.mp4,niqe,5.7992,False
53,26,tourist_1920x1080_60.yuv,enc_res_kingsoft_v1_mv_offline_2k_v1_tourist_41.mp4,niqe,6.9487,True
54,48,winter_riding_1920x1080_30.yuv,enc_res_kingsoft_v1_mv_offline_2k_v1_winter_riding_42.mp4,niqe,5.2895,False
55,70,winter_riding_1920x1080_30.yuv,enc_res_kingsoft_v1_mv_offline_2k_v1_winter_riding_42.mp4,niqe,6.4048,True
56,71,winter_riding_1920x1080_30.yuv,enc_res_kingsoft_v1_mv_offline_2k_v1_winter_riding_46.mp4,niqe,6.8432,True
57,49,winter_riding_1920x1080_30.yuv,enc_res_kingsoft_v1_mv_offline_2k_v1_winter_riding_46.mp4,niqe,5.6678,False
58,50,winter_riding_1920x1080_30.yuv,enc_res_kingsoft_v1_mv_offline_2k_v1_winter_riding_51.mp4,niqe,5.8031,False
59,72,winter_riding_1920x1080_30.yuv,enc_res_kingsoft_v1_mv_offline_2k_v1_winter_riding_51.mp4,niqe,7.0161,True
60,447,blue_hair_1920x1080_30.yuv,enc_res_kingsoft_v2_mv_offline_2k_blue_hair_33.mp4,niqe,11.144,True
61,423,blue_hair_1920x1080_30.yuv,enc_res_kingsoft_v2_mv_offline_2k_blue_hair_33.mp4,niqe,9.2575,False
62,448,blue_hair_1920x1080_30.yuv,enc_res_kingsoft_v2_mv_offline_2k_blue_hair_39.mp4,niqe,11.162,True
63,424,blue_hair_1920x1080_30.yuv,enc_res_kingsoft_v2_mv_offline_2k_blue_hair_39.mp4,niqe,9.3487,False
64,449,blue_hair_1920x1080_30.yuv,enc_res_kingsoft_v2_mv_offline_2k_blue_hair_45.mp4,niqe,11.265,True
65,425,blue_hair_1920x1080_30.yuv,enc_res_kingsoft_v2_mv_offline_2k_blue_hair_45.mp4,niqe,9.5398,False
66,119,boys_1920x1080_25.yuv,enc_res_kingsoft_v2_mv_offline_2k_boys_32.mp4,niqe,10.136,True
67,95,boys_1920x1080_25.yuv,enc_res_kingsoft_v2_mv_offline_2k_boys_32.mp4,niqe,8.4606,False
68,120,boys_1920x1080_25.yuv,enc_res_kingsoft_v2_mv_offline_2k_boys_38.mp4,niqe,10.223,True
69,96,boys_1920x1080_25.yuv,enc_res_kingsoft_v2_mv_offline_2k_boys_38.mp4,niqe,8.5664,False
70,121,boys_1920x1080_25.yuv,enc_res_kingsoft_v2_mv_offline_2k_boys_44.mp4,niqe,10.351,True
71,97,boys_1920x1080_25.yuv,enc_res_kingsoft_v2_mv_offline_2k_boys_44.mp4,niqe,8.6443,False
72,166,game_streamer_1920x1080_30.yuv,enc_res_kingsoft_v2_mv_offline_2k_game_streamer_33.mp4,niqe,6.7882,True
73,143,game_streamer_1920x1080_30.yuv,enc_res_kingsoft_v2_mv_offline_2k_game_streamer_33.mp4,niqe,5.6726,False
74,167,game_streamer_1920x1080_30.yuv,enc_res_kingsoft_v2_mv_offline_2k_game_streamer_36.mp4,niqe,6.9287,True
75,144,game_streamer_1920x1080_30.yuv,enc_res_kingsoft_v2_mv_offline_2k_game_streamer_36.mp4,niqe,5.6289,False
76,145,game_streamer_1920x1080_30.yuv,enc_res_kingsoft_v2_mv_offline_2k_game_streamer_39.mp4,niqe,5.5808,False
77,168,game_streamer_1920x1080_30.yuv,enc_res_kingsoft_v2_mv_offline_2k_game_streamer_39.mp4,niqe,7.11,True
78,189,happy_dog_1920x1080_60.yuv,enc_res_kingsoft_v2_mv_offline_2k_happy_dog_40.mp4,niqe,6.5894,False
79,212,happy_dog_1920x1080_60.yuv,enc_res_kingsoft_v2_mv_offline_2k_happy_dog_40.mp4,niqe,7.9847,True
80,190,happy_dog_1920x1080_60.yuv,enc_res_kingsoft_v2_mv_offline_2k_happy_dog_45.mp4,niqe,6.9076,False
81,213,happy_dog_1920x1080_60.yuv,enc_res_kingsoft_v2_mv_offline_2k_happy_dog_45.mp4,niqe,8.3193,True
82,214,happy_dog_1920x1080_60.yuv,enc_res_kingsoft_v2_mv_offline_2k_happy_dog_50.mp4,niqe,8.8405,True
83,191,happy_dog_1920x1080_60.yuv,enc_res_kingsoft_v2_mv_offline_2k_happy_dog_50.mp4,niqe,7.414,False
84,259,light_show_1920x1080_30.yuv,enc_res_kingsoft_v2_mv_offline_2k_light_show_29.mp4,niqe,11.568,True
85,235,light_show_1920x1080_30.yuv,enc_res_kingsoft_v2_mv_offline_2k_light_show_29.mp4,niqe,8.4142,False
86,236,light_show_1920x1080_30.yuv,enc_res_kingsoft_v2_mv_offline_2k_light_show_35.mp4,niqe,8.5859,False
87,260,light_show_1920x1080_30.yuv,enc_res_kingsoft_v2_mv_offline_2k_light_show_35.mp4,niqe,11.704,True
88,237,light_show_1920x1080_30.yuv,enc_res_kingsoft_v2_mv_offline_2k_light_show_41.mp4,niqe,8.8076,False
89,261,light_show_1920x1080_30.yuv,enc_res_kingsoft_v2_mv_offline_2k_light_show_41.mp4,niqe,11.859,True
90,307,mountain_dog_1920x1080_30.yuv,enc_res_kingsoft_v2_mv_offline_2k_mountain_dog_36.mp4,niqe,9.3568,True
91,283,mountain_dog_1920x1080_30.yuv,enc_res_kingsoft_v2_mv_offline_2k_mountain_dog_36.mp4,niqe,8.406,False
92,284,mountain_dog_1920x1080_30.yuv,enc_res_kingsoft_v2_mv_offline_2k_mountain_dog_40.mp4,niqe,8.5561,False
93,308,mountain_dog_1920x1080_30.yuv,enc_res_kingsoft_v2_mv_offline_2k_mountain_dog_40.mp4,niqe,9.4991,True
94,309,mountain_dog_1920x1080_30.yuv,enc_res_kingsoft_v2_mv_offline_2k_mountain_dog_44.mp4,niqe,9.7815,True
95,285,mountain_dog_1920x1080_30.yuv,enc_res_kingsoft_v2_mv_offline_2k_mountain_dog_44.mp4,niqe,8.7778,False
96,331,pool_underwater_1920x1080_25.yuv,enc_res_kingsoft_v2_mv_offline_2k_pool_underwater_41.mp4,niqe,8.7349,False
97,353,pool_underwater_1920x1080_25.yuv,enc_res_kingsoft_v2_mv_offline_2k_pool_underwater_41.mp4,niqe,9.2126,True
98,332,pool_underwater_1920x1080_25.yuv,enc_res_kingsoft_v2_mv_offline_2k_pool_underwater_45.mp4,niqe,8.5572,False
99,354,pool_underwater_1920x1080_25.yuv,enc_res_kingsoft_v2_mv_offline_2k_pool_underwater_45.mp4,niqe,9.1258,True
100,355,pool_underwater_1920x1080_25.yuv,enc_res_kingsoft_v2_mv_offline_2k_pool_underwater_50.mp4,niqe,8.9728,True
101,333,pool_underwater_1920x1080_25.yuv,enc_res_kingsoft_v2_mv_offline_2k_pool_underwater_50.mp4,niqe,8.2699,False
102,399,pumba_1920x1080_30.yuv,enc_res_kingsoft_v2_mv_offline_2k_pumba_31.mp4,niqe,12.496,True
103,375,pumba_1920x1080_30.yuv,enc_res_kingsoft_v2_mv_offline_2k_pumba_31.mp4,niqe,10.427,False
104,376,pumba_1920x1080_30.yuv,enc_res_kingsoft_v2_mv_offline_2k_pumba_36.mp4,niqe,10.581,False
105,400,pumba_1920x1080_30.yuv,enc_res_kingsoft_v2_mv_offline_2k_pumba_36.mp4,niqe,12.497,True
106,401,pumba_1920x1080_30.yuv,enc_res_kingsoft_v2_mv_offline_2k_pumba_42.mp4,niqe,12.785,True
107,377,pumba_1920x1080_30.yuv,enc_res_kingsoft_v2_mv_offline_2k_pumba_42.mp4,niqe,11.049,False
108,3,tourist_1920x1080_60.yuv,enc_res_kingsoft_v2_mv_offline_2k_tourist_33.mp4,niqe,5.7786,False
109,27,tourist_1920x1080_60.yuv,enc_res_kingsoft_v2_mv_offline_2k_tourist_33.mp4,niqe,6.9724,True
110,28,tourist_1920x1080_60.yuv,enc_res_kingsoft_v2_mv_offline_2k_tourist_39.mp4,niqe,7.0335,True
111,4,tourist_1920x1080_60.yuv,enc_res_kingsoft_v2_mv_offline_2k_tourist_39.mp4,niqe,5.8102,False
112,29,tourist_1920x1080_60.yuv,enc_res_kingsoft_v2_mv_offline_2k_tourist_45.mp4,niqe,7.0825,True
113,5,tourist_1920x1080_60.yuv,enc_res_kingsoft_v2_mv_offline_2k_tourist_45.mp4,niqe,5.8507,False
114,51,winter_riding_1920x1080_30.yuv,enc_res_kingsoft_v2_mv_offline_2k_winter_riding_44.mp4,niqe,5.5544,False
115,73,winter_riding_1920x1080_30.yuv,enc_res_kingsoft_v2_mv_offline_2k_winter_riding_44.mp4,niqe,6.585,True
116,74,winter_riding_1920x1080_30.yuv,enc_res_kingsoft_v2_mv_offline_2k_winter_riding_50.mp4,niqe,6.7522,True
117,52,winter_riding_1920x1080_30.yuv,enc_res_kingsoft_v2_mv_offline_2k_winter_riding_50.mp4,niqe,5.7204,False
118,75,winter_riding_1920x1080_30.yuv,enc_res_kingsoft_v2_mv_offline_2k_winter_riding_51.mp4,niqe,6.7524,True
119,53,winter_riding_1920x1080_30.yuv,enc_res_kingsoft_v2_mv_offline_2k_winter_riding_51.mp4,niqe,5.732,False
120,450,blue_hair_1920x1080_30.yuv,enc_res_kingsoft_v3_mv_offline_2k_blue_hair_28.mp4,niqe,10.583,True
121,426,blue_hair_1920x1080_30.yuv,enc_res_kingsoft_v3_mv_offline_2k_blue_hair_28.mp4,niqe,8.5187,False
122,427,blue_hair_1920x1080_30.yuv,enc_res_kingsoft_v3_mv_offline_2k_blue_hair_33.mp4,niqe,8.702,False
123,451,blue_hair_1920x1080_30.yuv,enc_res_kingsoft_v3_mv_offline_2k_blue_hair_33.mp4,niqe,10.704,True
124,452,blue_hair_1920x1080_30.yuv,enc_res_kingsoft_v3_mv_offline_2k_blue_hair_38.mp4,niqe,10.888,True
125,428,blue_hair_1920x1080_30.yuv,enc_res_kingsoft_v3_mv_offline_2k_blue_hair_38.mp4,niqe,8.9106,False
126,98,boys_1920x1080_25.yuv,enc_res_kingsoft_v3_mv_offline_2k_boys_29.mp4,niqe,8.963,False
127,122,boys_1920x1080_25.yuv,enc_res_kingsoft_v3_mv_offline_2k_boys_29.mp4,niqe,9.933,True
128,99,boys_1920x1080_25.yuv,enc_res_kingsoft_v3_mv_offline_2k_boys_34.mp4,niqe,8.6175,False
129,123,boys_1920x1080_25.yuv,enc_res_kingsoft_v3_mv_offline_2k_boys_34.mp4,niqe,10.002,True
130,124,boys_1920x1080_25.yuv,enc_res_kingsoft_v3_mv_offline_2k_boys_39.mp4,niqe,10.234,True
131,100,boys_1920x1080_25.yuv,enc_res_kingsoft_v3_mv_offline_2k_boys_39.mp4,niqe,8.5811,False
132,146,game_streamer_1920x1080_30.yuv,enc_res_kingsoft_v3_mv_offline_2k_game_streamer_32.mp4,niqe,5.3443,False
133,169,game_streamer_1920x1080_30.yuv,enc_res_kingsoft_v3_mv_offline_2k_game_streamer_32.mp4,niqe,6.1976,True
134,147,game_streamer_1920x1080_30.yuv,enc_res_kingsoft_v3_mv_offline_2k_game_streamer_34.mp4,niqe,5.2362,False
135,170,game_streamer_1920x1080_30.yuv,enc_res_kingsoft_v3_mv_offline_2k_game_streamer_34.mp4,niqe,6.2136,True
136,171,game_streamer_1920x1080_30.yuv,enc_res_kingsoft_v3_mv_offline_2k_game_streamer_36.mp4,niqe,6.2673,True
137,148,game_streamer_1920x1080_30.yuv,enc_res_kingsoft_v3_mv_offline_2k_game_streamer_36.mp4,niqe,5.0723,False
138,192,happy_dog_1920x1080_60.yuv,enc_res_kingsoft_v3_mv_offline_2k_happy_dog_29.mp4,niqe,6.211,False
139,215,happy_dog_1920x1080_60.yuv,enc_res_kingsoft_v3_mv_offline_2k_happy_dog_29.mp4,niqe,7.6818,True
140,193,happy_dog_1920x1080_60.yuv,enc_res_kingsoft_v3_mv_offline_2k_happy_dog_34.mp4,niqe,6.7691,False
141,216,happy_dog_1920x1080_60.yuv,enc_res_kingsoft_v3_mv_offline_2k_happy_dog_34.mp4,niqe,8.2917,True
142,194,happy_dog_1920x1080_60.yuv,enc_res_kingsoft_v3_mv_offline_2k_happy_dog_40.mp4,niqe,7.8925,False
143,217,happy_dog_1920x1080_60.yuv,enc_res_kingsoft_v3_mv_offline_2k_happy_dog_40.mp4,niqe,9.3511,True
144,262,light_show_1920x1080_30.yuv,enc_res_kingsoft_v3_mv_offline_2k_light_show_26.mp4,niqe,11.351,True
145,238,light_show_1920x1080_30.yuv,enc_res_kingsoft_v3_mv_offline_2k_light_show_26.mp4,niqe,7.8421,False
146,263,light_show_1920x1080_30.yuv,enc_res_kingsoft_v3_mv_offline_2k_light_show_30.mp4,niqe,11.39,True
147,239,light_show_1920x1080_30.yuv,enc_res_kingsoft_v3_mv_offline_2k_light_show_30.mp4,niqe,8.021,False
148,264,light_show_1920x1080_30.yuv,enc_res_kingsoft_v3_mv_offline_2k_light_show_35.mp4,niqe,11.527,True
149,240,light_show_1920x1080_30.yuv,enc_res_kingsoft_v3_mv_offline_2k_light_show_35.mp4,niqe,8.3453,False
150,310,mountain_dog_1920x1080_30.yuv,enc_res_kingsoft_v3_mv_offline_2k_mountain_dog_29.mp4,niqe,8.708,True
151,286,mountain_dog_1920x1080_30.yuv,enc_res_kingsoft_v3_mv_offline_2k_mountain_dog_29.mp4,niqe,7.6952,False
152,311,mountain_dog_1920x1080_30.yuv,enc_res_kingsoft_v3_mv_offline_2k_mountain_dog_31.mp4,niqe,8.8226,True
153,287,mountain_dog_1920x1080_30.yuv,enc_res_kingsoft_v3_mv_offline_2k_mountain_dog_31.mp4,niqe,7.7829,False
154,312,mountain_dog_1920x1080_30.yuv,enc_res_kingsoft_v3_mv_offline_2k_mountain_dog_34.mp4,niqe,9.1251,True
155,288,mountain_dog_1920x1080_30.yuv,enc_res_kingsoft_v3_mv_offline_2k_mountain_dog_34.mp4,niqe,8.0009,False
156,334,pool_underwater_1920x1080_25.yuv,enc_res_kingsoft_v3_mv_offline_2k_pool_underwater_33.mp4,niqe,8.1668,False
157,356,pool_underwater_1920x1080_25.yuv,enc_res_kingsoft_v3_mv_offline_2k_pool_underwater_33.mp4,niqe,8.9009,True
158,357,pool_underwater_1920x1080_25.yuv,enc_res_kingsoft_v3_mv_offline_2k_pool_underwater_37.mp4,niqe,8.8551,True
159,335,pool_underwater_1920x1080_25.yuv,enc_res_kingsoft_v3_mv_offline_2k_pool_underwater_37.mp4,niqe,8.0745,False
160,358,pool_underwater_1920x1080_25.yuv,enc_res_kingsoft_v3_mv_offline_2k_pool_underwater_40.mp4,niqe,8.9828,True
161,336,pool_underwater_1920x1080_25.yuv,enc_res_kingsoft_v3_mv_offline_2k_pool_underwater_40.mp4,niqe,8.1073,False
162,402,pumba_1920x1080_30.yuv,enc_res_kingsoft_v3_mv_offline_2k_pumba_30.mp4,niqe,12.921,True
163,378,pumba_1920x1080_30.yuv,enc_res_kingsoft_v3_mv_offline_2k_pumba_30.mp4,niqe,12.657,False
164,379,pumba_1920x1080_30.yuv,enc_res_kingsoft_v3_mv_offline_2k_pumba_33.mp4,niqe,11.715,False
165,403,pumba_1920x1080_30.yuv,enc_res_kingsoft_v3_mv_offline_2k_pumba_33.mp4,niqe,13.001,True
166,404,pumba_1920x1080_30.yuv,enc_res_kingsoft_v3_mv_offline_2k_pumba_37.mp4,niqe,12.995,True
167,380,pumba_1920x1080_30.yuv,enc_res_kingsoft_v3_mv_offline_2k_pumba_37.mp4,niqe,10.714,False
168,6,tourist_1920x1080_60.yuv,enc_res_kingsoft_v3_mv_offline_2k_tourist_26.mp4,niqe,5.3893,False
169,30,tourist_1920x1080_60.yuv,enc_res_kingsoft_v3_mv_offline_2k_tourist_26.mp4,niqe,6.5596,True
170,31,tourist_1920x1080_60.yuv,enc_res_kingsoft_v3_mv_offline_2k_tourist_30.mp4,niqe,6.5851,True
171,7,tourist_1920x1080_60.yuv,enc_res_kingsoft_v3_mv_offline_2k_tourist_30.mp4,niqe,5.4042,False
172,32,tourist_1920x1080_60.yuv,enc_res_kingsoft_v3_mv_offline_2k_tourist_35.mp4,niqe,6.6364,True
173,8,tourist_1920x1080_60.yuv,enc_res_kingsoft_v3_mv_offline_2k_tourist_35.mp4,niqe,5.4514,False
174,76,winter_riding_1920x1080_30.yuv,enc_res_kingsoft_v3_mv_offline_2k_winter_riding_33.mp4,niqe,5.6505,True
175,54,winter_riding_1920x1080_30.yuv,enc_res_kingsoft_v3_mv_offline_2k_winter_riding_33.mp4,niqe,4.5389,False
176,55,winter_riding_1920x1080_30.yuv,enc_res_kingsoft_v3_mv_offline_2k_winter_riding_37.mp4,niqe,5.0151,False
177,77,winter_riding_1920x1080_30.yuv,enc_res_kingsoft_v3_mv_offline_2k_winter_riding_37.mp4,niqe,6.213,True
178,56,winter_riding_1920x1080_30.yuv,enc_res_kingsoft_v3_mv_offline_2k_winter_riding_41.mp4,niqe,5.87,False
179,78,winter_riding_1920x1080_30.yuv,enc_res_kingsoft_v3_mv_offline_2k_winter_riding_41.mp4,niqe,7.1561,True
180,453,blue_hair_1920x1080_30.yuv,enc_res_svt_av1_mv_offline_2k_blue_hair_40.mp4,niqe,10.999,True
181,429,blue_hair_1920x1080_30.yuv,enc_res_svt_av1_mv_offline_2k_blue_hair_40.mp4,niqe,9.0028,False
182,430,blue_hair_1920x1080_30.yuv,enc_res_svt_av1_mv_offline_2k_blue_hair_48.mp4,niqe,9.4328,False
183,454,blue_hair_1920x1080_30.yuv,enc_res_svt_av1_mv_offline_2k_blue_hair_48.mp4,niqe,11.266,True
184,431,blue_hair_1920x1080_30.yuv,enc_res_svt_av1_mv_offline_2k_blue_hair_58.mp4,niqe,9.7919,False
185,455,blue_hair_1920x1080_30.yuv,enc_res_svt_av1_mv_offline_2k_blue_hair_58.mp4,niqe,11.515,True
186,125,boys_1920x1080_25.yuv,enc_res_svt_av1_mv_offline_2k_boys_44.mp4,niqe,10.014,True
187,101,boys_1920x1080_25.yuv,enc_res_svt_av1_mv_offline_2k_boys_44.mp4,niqe,8.9757,False
188,126,boys_1920x1080_25.yuv,enc_res_svt_av1_mv_offline_2k_boys_54.mp4,niqe,10.14,True
189,102,boys_1920x1080_25.yuv,enc_res_svt_av1_mv_offline_2k_boys_54.mp4,niqe,8.7645,False
190,103,boys_1920x1080_25.yuv,enc_res_svt_av1_mv_offline_2k_boys_62.mp4,niqe,8.6643,False
191,127,boys_1920x1080_25.yuv,enc_res_svt_av1_mv_offline_2k_boys_62.mp4,niqe,10.274,True
192,172,game_streamer_1920x1080_30.yuv,enc_res_svt_av1_mv_offline_2k_game_streamer_54.mp4,niqe,6.3751,True
193,149,game_streamer_1920x1080_30.yuv,enc_res_svt_av1_mv_offline_2k_game_streamer_54.mp4,niqe,5.5335,False
194,150,game_streamer_1920x1080_30.yuv,enc_res_svt_av1_mv_offline_2k_game_streamer_60.mp4,niqe,5.5768,False
195,173,game_streamer_1920x1080_30.yuv,enc_res_svt_av1_mv_offline_2k_game_streamer_60.mp4,niqe,6.6156,True
196,151,game_streamer_1920x1080_30.yuv,enc_res_svt_av1_mv_offline_2k_game_streamer_63.mp4,niqe,5.6362,False
197,174,game_streamer_1920x1080_30.yuv,enc_res_svt_av1_mv_offline_2k_game_streamer_63.mp4,niqe,6.9407,True
198,218,happy_dog_1920x1080_60.yuv,enc_res_svt_av1_mv_offline_2k_happy_dog_52.mp4,niqe,8.2184,True
199,195,happy_dog_1920x1080_60.yuv,enc_res_svt_av1_mv_offline_2k_happy_dog_52.mp4,niqe,6.8559,False
200,196,happy_dog_1920x1080_60.yuv,enc_res_svt_av1_mv_offline_2k_happy_dog_60.mp4,niqe,7.2452,False
201,219,happy_dog_1920x1080_60.yuv,enc_res_svt_av1_mv_offline_2k_happy_dog_60.mp4,niqe,8.6688,True
202,197,happy_dog_1920x1080_60.yuv,enc_res_svt_av1_mv_offline_2k_happy_dog_63.mp4,niqe,7.5388,False
203,220,happy_dog_1920x1080_60.yuv,enc_res_svt_av1_mv_offline_2k_happy_dog_63.mp4,niqe,8.9578,True
204,241,light_show_1920x1080_30.yuv,enc_res_svt_av1_mv_offline_2k_light_show_34.mp4,niqe,8.4683,False
205,265,light_show_1920x1080_30.yuv,enc_res_svt_av1_mv_offline_2k_light_show_34.mp4,niqe,11.857,True
206,266,light_show_1920x1080_30.yuv,enc_res_svt_av1_mv_offline_2k_light_show_42.mp4,niqe,11.861,True
207,242,light_show_1920x1080_30.yuv,enc_res_svt_av1_mv_offline_2k_light_show_42.mp4,niqe,8.5495,False
208,267,light_show_1920x1080_30.yuv,enc_res_svt_av1_mv_offline_2k_light_show_52.mp4,niqe,11.902,True
209,243,light_show_1920x1080_30.yuv,enc_res_svt_av1_mv_offline_2k_light_show_52.mp4,niqe,8.7517,False
210,313,mountain_dog_1920x1080_30.yuv,enc_res_svt_av1_mv_offline_2k_mountain_dog_50.mp4,niqe,9.1735,True
211,289,mountain_dog_1920x1080_30.yuv,enc_res_svt_av1_mv_offline_2k_mountain_dog_50.mp4,niqe,8.2674,False
212,290,mountain_dog_1920x1080_30.yuv,enc_res_svt_av1_mv_offline_2k_mountain_dog_56.mp4,niqe,8.4212,False
213,314,mountain_dog_1920x1080_30.yuv,enc_res_svt_av1_mv_offline_2k_mountain_dog_56.mp4,niqe,9.2945,True
214,291,mountain_dog_1920x1080_30.yuv,enc_res_svt_av1_mv_offline_2k_mountain_dog_60.mp4,niqe,8.5164,False
215,315,mountain_dog_1920x1080_30.yuv,enc_res_svt_av1_mv_offline_2k_mountain_dog_60.mp4,niqe,9.4331,True
216,359,pool_underwater_1920x1080_25.yuv,enc_res_svt_av1_mv_offline_2k_pool_underwater_58.mp4,niqe,9.5178,True
217,337,pool_underwater_1920x1080_25.yuv,enc_res_svt_av1_mv_offline_2k_pool_underwater_58.mp4,niqe,9.0668,False
218,360,pool_underwater_1920x1080_25.yuv,enc_res_svt_av1_mv_offline_2k_pool_underwater_63.mp4,niqe,9.3994,True
219,338,pool_underwater_1920x1080_25.yuv,enc_res_svt_av1_mv_offline_2k_pool_underwater_63.mp4,niqe,8.7375,False
220,405,pumba_1920x1080_30.yuv,enc_res_svt_av1_mv_offline_2k_pumba_42.mp4,niqe,12.839,True
221,381,pumba_1920x1080_30.yuv,enc_res_svt_av1_mv_offline_2k_pumba_42.mp4,niqe,12.526,False
222,382,pumba_1920x1080_30.yuv,enc_res_svt_av1_mv_offline_2k_pumba_50.mp4,niqe,11.643,False
223,406,pumba_1920x1080_30.yuv,enc_res_svt_av1_mv_offline_2k_pumba_50.mp4,niqe,13.082,True
224,383,pumba_1920x1080_30.yuv,enc_res_svt_av1_mv_offline_2k_pumba_56.mp4,niqe,11.007,False
225,407,pumba_1920x1080_30.yuv,enc_res_svt_av1_mv_offline_2k_pumba_56.mp4,niqe,13.112,True
226,9,tourist_1920x1080_60.yuv,enc_res_svt_av1_mv_offline_2k_tourist_40.mp4,niqe,5.6781,False
227,33,tourist_1920x1080_60.yuv,enc_res_svt_av1_mv_offline_2k_tourist_40.mp4,niqe,6.825,True
228,34,tourist_1920x1080_60.yuv,enc_res_svt_av1_mv_offline_2k_tourist_50.mp4,niqe,6.848,True
229,10,tourist_1920x1080_60.yuv,enc_res_svt_av1_mv_offline_2k_tourist_50.mp4,niqe,5.7295,False
230,35,tourist_1920x1080_60.yuv,enc_res_svt_av1_mv_offline_2k_tourist_58.mp4,niqe,6.9338,True
231,11,tourist_1920x1080_60.yuv,enc_res_svt_av1_mv_offline_2k_tourist_58.mp4,niqe,5.82,False
232,79,winter_riding_1920x1080_30.yuv,enc_res_svt_av1_mv_offline_2k_winter_riding_61.mp4,niqe,6.6068,True
233,57,winter_riding_1920x1080_30.yuv,enc_res_svt_av1_mv_offline_2k_winter_riding_61.mp4,niqe,5.5139,False
234,58,winter_riding_1920x1080_30.yuv,enc_res_svt_av1_mv_offline_2k_winter_riding_63.mp4,niqe,5.758,False
235,80,winter_riding_1920x1080_30.yuv,enc_res_svt_av1_mv_offline_2k_winter_riding_63.mp4,niqe,6.8983,True
236,432,blue_hair_1920x1080_30.yuv,enc_res_svt_hevc_mv_offline_2k_blue_hair_28.mp4,niqe,8.6129,False
237,456,blue_hair_1920x1080_30.yuv,enc_res_svt_hevc_mv_offline_2k_blue_hair_28.mp4,niqe,10.696,True
238,433,blue_hair_1920x1080_30.yuv,enc_res_svt_hevc_mv_offline_2k_blue_hair_33.mp4,niqe,8.8492,False
239,457,blue_hair_1920x1080_30.yuv,enc_res_svt_hevc_mv_offline_2k_blue_hair_33.mp4,niqe,10.817,True
240,434,blue_hair_1920x1080_30.yuv,enc_res_svt_hevc_mv_offline_2k_blue_hair_38.mp4,niqe,9.1288,False
241,458,blue_hair_1920x1080_30.yuv,enc_res_svt_hevc_mv_offline_2k_blue_hair_38.mp4,niqe,10.969,True
242,128,boys_1920x1080_25.yuv,enc_res_svt_hevc_mv_offline_2k_boys_31.mp4,niqe,9.7851,True
243,104,boys_1920x1080_25.yuv,enc_res_svt_hevc_mv_offline_2k_boys_31.mp4,niqe,8.6027,False
244,105,boys_1920x1080_25.yuv,enc_res_svt_hevc_mv_offline_2k_boys_36.mp4,niqe,8.3354,False
245,129,boys_1920x1080_25.yuv,enc_res_svt_hevc_mv_offline_2k_boys_36.mp4,niqe,9.7749,True
246,106,boys_1920x1080_25.yuv,enc_res_svt_hevc_mv_offline_2k_boys_40.mp4,niqe,8.3099,False
247,130,boys_1920x1080_25.yuv,enc_res_svt_hevc_mv_offline_2k_boys_40.mp4,niqe,9.9035,True
248,152,game_streamer_1920x1080_30.yuv,enc_res_svt_hevc_mv_offline_2k_game_streamer_34.mp4,niqe,5.233,False
249,175,game_streamer_1920x1080_30.yuv,enc_res_svt_hevc_mv_offline_2k_game_streamer_34.mp4,niqe,6.1628,True
250,176,game_streamer_1920x1080_30.yuv,enc_res_svt_hevc_mv_offline_2k_game_streamer_36.mp4,niqe,6.2962,True
251,153,game_streamer_1920x1080_30.yuv,enc_res_svt_hevc_mv_offline_2k_game_streamer_36.mp4,niqe,5.2045,False
252,177,game_streamer_1920x1080_30.yuv,enc_res_svt_hevc_mv_offline_2k_game_streamer_39.mp4,niqe,6.6821,True
253,154,game_streamer_1920x1080_30.yuv,enc_res_svt_hevc_mv_offline_2k_game_streamer_39.mp4,niqe,5.3148,False
254,221,happy_dog_1920x1080_60.yuv,enc_res_svt_hevc_mv_offline_2k_happy_dog_33.mp4,niqe,7.8657,True
255,198,happy_dog_1920x1080_60.yuv,enc_res_svt_hevc_mv_offline_2k_happy_dog_33.mp4,niqe,6.3085,False
256,222,happy_dog_1920x1080_60.yuv,enc_res_svt_hevc_mv_offline_2k_happy_dog_38.mp4,niqe,8.4455,True
257,199,happy_dog_1920x1080_60.yuv,enc_res_svt_hevc_mv_offline_2k_happy_dog_38.mp4,niqe,6.8908,False
258,223,happy_dog_1920x1080_60.yuv,enc_res_svt_hevc_mv_offline_2k_happy_dog_43.mp4,niqe,9.2465,True
259,200,happy_dog_1920x1080_60.yuv,enc_res_svt_hevc_mv_offline_2k_happy_dog_43.mp4,niqe,7.9108,False
260,268,light_show_1920x1080_30.yuv,enc_res_svt_hevc_mv_offline_2k_light_show_25.mp4,niqe,11.05,True
261,244,light_show_1920x1080_30.yuv,enc_res_svt_hevc_mv_offline_2k_light_show_25.mp4,niqe,7.657,False
262,269,light_show_1920x1080_30.yuv,enc_res_svt_hevc_mv_offline_2k_light_show_30.mp4,niqe,11.198,True
263,245,light_show_1920x1080_30.yuv,enc_res_svt_hevc_mv_offline_2k_light_show_30.mp4,niqe,7.9615,False
264,270,light_show_1920x1080_30.yuv,enc_res_svt_hevc_mv_offline_2k_light_show_36.mp4,niqe,11.448,True
265,246,light_show_1920x1080_30.yuv,enc_res_svt_hevc_mv_offline_2k_light_show_36.mp4,niqe,8.3972,False
266,292,mountain_dog_1920x1080_30.yuv,enc_res_svt_hevc_mv_offline_2k_mountain_dog_31.mp4,niqe,7.725,False
267,316,mountain_dog_1920x1080_30.yuv,enc_res_svt_hevc_mv_offline_2k_mountain_dog_31.mp4,niqe,8.8526,True
268,317,mountain_dog_1920x1080_30.yuv,enc_res_svt_hevc_mv_offline_2k_mountain_dog_35.mp4,niqe,9.0116,True
269,293,mountain_dog_1920x1080_30.yuv,enc_res_svt_hevc_mv_offline_2k_mountain_dog_35.mp4,niqe,7.9651,False
270,294,mountain_dog_1920x1080_30.yuv,enc_res_svt_hevc_mv_offline_2k_mountain_dog_38.mp4,niqe,8.2496,False
271,318,mountain_dog_1920x1080_30.yuv,enc_res_svt_hevc_mv_offline_2k_mountain_dog_38.mp4,niqe,9.2195,True
272,339,pool_underwater_1920x1080_25.yuv,enc_res_svt_hevc_mv_offline_2k_pool_underwater_36.mp4,niqe,8.1733,False
273,361,pool_underwater_1920x1080_25.yuv,enc_res_svt_hevc_mv_offline_2k_pool_underwater_36.mp4,niqe,8.7649,True
274,362,pool_underwater_1920x1080_25.yuv,enc_res_svt_hevc_mv_offline_2k_pool_underwater_40.mp4,niqe,8.8042,True
275,340,pool_underwater_1920x1080_25.yuv,enc_res_svt_hevc_mv_offline_2k_pool_underwater_40.mp4,niqe,8.1433,False
276,363,pool_underwater_1920x1080_25.yuv,enc_res_svt_hevc_mv_offline_2k_pool_underwater_43.mp4,niqe,8.8672,True
277,341,pool_underwater_1920x1080_25.yuv,enc_res_svt_hevc_mv_offline_2k_pool_underwater_43.mp4,niqe,8.1443,False
278,408,pumba_1920x1080_30.yuv,enc_res_svt_hevc_mv_offline_2k_pumba_29.mp4,niqe,12.56,True
279,384,pumba_1920x1080_30.yuv,enc_res_svt_hevc_mv_offline_2k_pumba_29.mp4,niqe,11.589,False
280,409,pumba_1920x1080_30.yuv,enc_res_svt_hevc_mv_offline_2k_pumba_33.mp4,niqe,12.613,True
281,385,pumba_1920x1080_30.yuv,enc_res_svt_hevc_mv_offline_2k_pumba_33.mp4,niqe,10.773,False
282,410,pumba_1920x1080_30.yuv,enc_res_svt_hevc_mv_offline_2k_pumba_37.mp4,niqe,12.675,True
283,386,pumba_1920x1080_30.yuv,enc_res_svt_hevc_mv_offline_2k_pumba_37.mp4,niqe,10.432,False
284,36,tourist_1920x1080_60.yuv,enc_res_svt_hevc_mv_offline_2k_tourist_27.mp4,niqe,6.4682,True
285,12,tourist_1920x1080_60.yuv,enc_res_svt_hevc_mv_offline_2k_tourist_27.mp4,niqe,5.2839,False
286,13,tourist_1920x1080_60.yuv,enc_res_svt_hevc_mv_offline_2k_tourist_32.mp4,niqe,5.3086,False
287,37,tourist_1920x1080_60.yuv,enc_res_svt_hevc_mv_offline_2k_tourist_32.mp4,niqe,6.5191,True
288,14,tourist_1920x1080_60.yuv,enc_res_svt_hevc_mv_offline_2k_tourist_38.mp4,niqe,5.3429,False
289,38,tourist_1920x1080_60.yuv,enc_res_svt_hevc_mv_offline_2k_tourist_38.mp4,niqe,6.6062,True
290,81,winter_riding_1920x1080_30.yuv,enc_res_svt_hevc_mv_offline_2k_winter_riding_38.mp4,niqe,5.9442,True
291,59,winter_riding_1920x1080_30.yuv,enc_res_svt_hevc_mv_offline_2k_winter_riding_38.mp4,niqe,4.597,False
292,60,winter_riding_1920x1080_30.yuv,enc_res_svt_hevc_mv_offline_2k_winter_riding_42.mp4,niqe,5.0398,False
293,82,winter_riding_1920x1080_30.yuv,enc_res_svt_hevc_mv_offline_2k_winter_riding_42.mp4,niqe,6.3925,True
294,61,winter_riding_1920x1080_30.yuv,enc_res_svt_hevc_mv_offline_2k_winter_riding_46.mp4,niqe,5.7318,False
295,83,winter_riding_1920x1080_30.yuv,enc_res_svt_hevc_mv_offline_2k_winter_riding_46.mp4,niqe,7.1053,True
296,435,blue_hair_1920x1080_30.yuv,enc_res_svt_vp9_mv_offline_2k_blue_hair_45.mp4,niqe,8.4344,False
297,459,blue_hair_1920x1080_30.yuv,enc_res_svt_vp9_mv_offline_2k_blue_hair_45.mp4,niqe,10.298,True
298,460,blue_hair_1920x1080_30.yuv,enc_res_svt_vp9_mv_offline_2k_blue_hair_54.mp4,niqe,10.516,True
299,436,blue_hair_1920x1080_30.yuv,enc_res_svt_vp9_mv_offline_2k_blue_hair_54.mp4,niqe,8.8193,False
300,461,blue_hair_1920x1080_30.yuv,enc_res_svt_vp9_mv_offline_2k_blue_hair_62.mp4,niqe,10.667,True
301,437,blue_hair_1920x1080_30.yuv,enc_res_svt_vp9_mv_offline_2k_blue_hair_62.mp4,niqe,9.0654,False
302,131,boys_1920x1080_25.yuv,enc_res_svt_vp9_mv_offline_2k_boys_53.mp4,niqe,9.4132,True
303,107,boys_1920x1080_25.yuv,enc_res_svt_vp9_mv_offline_2k_boys_53.mp4,niqe,8.0035,False
304,108,boys_1920x1080_25.yuv,enc_res_svt_vp9_mv_offline_2k_boys_61.mp4,niqe,7.8788,False
305,132,boys_1920x1080_25.yuv,enc_res_svt_vp9_mv_offline_2k_boys_61.mp4,niqe,9.4216,True
306,133,boys_1920x1080_25.yuv,enc_res_svt_vp9_mv_offline_2k_boys_63.mp4,niqe,9.385,True
307,109,boys_1920x1080_25.yuv,enc_res_svt_vp9_mv_offline_2k_boys_63.mp4,niqe,7.8494,False
308,155,game_streamer_1920x1080_30.yuv,enc_res_svt_vp9_mv_offline_2k_game_streamer_60.mp4,niqe,5.3817,False
309,178,game_streamer_1920x1080_30.yuv,enc_res_svt_vp9_mv_offline_2k_game_streamer_60.mp4,niqe,6.2407,True
310,179,game_streamer_1920x1080_30.yuv,enc_res_svt_vp9_mv_offline_2k_game_streamer_63.mp4,niqe,6.5778,True
311,156,game_streamer_1920x1080_30.yuv,enc_res_svt_vp9_mv_offline_2k_game_streamer_63.mp4,niqe,5.566,False
312,224,happy_dog_1920x1080_60.yuv,enc_res_svt_vp9_mv_offline_2k_happy_dog_56.mp4,niqe,7.9654,True
313,201,happy_dog_1920x1080_60.yuv,enc_res_svt_vp9_mv_offline_2k_happy_dog_56.mp4,niqe,6.6221,False
314,225,happy_dog_1920x1080_60.yuv,enc_res_svt_vp9_mv_offline_2k_happy_dog_63.mp4,niqe,8.5924,True
315,202,happy_dog_1920x1080_60.yuv,enc_res_svt_vp9_mv_offline_2k_happy_dog_63.mp4,niqe,7.3482,False
316,247,light_show_1920x1080_30.yuv,enc_res_svt_vp9_mv_offline_2k_light_show_40.mp4,niqe,7.7707,False
317,271,light_show_1920x1080_30.yuv,enc_res_svt_vp9_mv_offline_2k_light_show_40.mp4,niqe,11.111,True
318,272,light_show_1920x1080_30.yuv,enc_res_svt_vp9_mv_offline_2k_light_show_49.mp4,niqe,11.332,True
319,248,light_show_1920x1080_30.yuv,enc_res_svt_vp9_mv_offline_2k_light_show_49.mp4,niqe,8.2245,False
320,249,light_show_1920x1080_30.yuv,enc_res_svt_vp9_mv_offline_2k_light_show_59.mp4,niqe,8.7942,False
321,273,light_show_1920x1080_30.yuv,enc_res_svt_vp9_mv_offline_2k_light_show_59.mp4,niqe,11.645,True
322,319,mountain_dog_1920x1080_30.yuv,enc_res_svt_vp9_mv_offline_2k_mountain_dog_53.mp4,niqe,8.8956,True
323,295,mountain_dog_1920x1080_30.yuv,enc_res_svt_vp9_mv_offline_2k_mountain_dog_53.mp4,niqe,7.9438,False
324,320,mountain_dog_1920x1080_30.yuv,enc_res_svt_vp9_mv_offline_2k_mountain_dog_59.mp4,niqe,9.1375,True
325,296,mountain_dog_1920x1080_30.yuv,enc_res_svt_vp9_mv_offline_2k_mountain_dog_59.mp4,niqe,8.2667,False
326,321,mountain_dog_1920x1080_30.yuv,enc_res_svt_vp9_mv_offline_2k_mountain_dog_63.mp4,niqe,9.54,True
327,297,mountain_dog_1920x1080_30.yuv,enc_res_svt_vp9_mv_offline_2k_mountain_dog_63.mp4,niqe,8.6335,False
328,364,pool_underwater_1920x1080_25.yuv,enc_res_svt_vp9_mv_offline_2k_pool_underwater_60.mp4,niqe,9.0181,True
329,342,pool_underwater_1920x1080_25.yuv,enc_res_svt_vp9_mv_offline_2k_pool_underwater_60.mp4,niqe,8.6445,False
330,365,pool_underwater_1920x1080_25.yuv,enc_res_svt_vp9_mv_offline_2k_pool_underwater_63.mp4,niqe,8.8506,True
331,343,pool_underwater_1920x1080_25.yuv,enc_res_svt_vp9_mv_offline_2k_pool_underwater_63.mp4,niqe,8.4207,False
332,411,pumba_1920x1080_30.yuv,enc_res_svt_vp9_mv_offline_2k_pumba_50.mp4,niqe,11.868,True
333,387,pumba_1920x1080_30.yuv,enc_res_svt_vp9_mv_offline_2k_pumba_50.mp4,niqe,9.941,False
334,388,pumba_1920x1080_30.yuv,enc_res_svt_vp9_mv_offline_2k_pumba_58.mp4,niqe,10.052,False
335,412,pumba_1920x1080_30.yuv,enc_res_svt_vp9_mv_offline_2k_pumba_58.mp4,niqe,12.096,True
336,389,pumba_1920x1080_30.yuv,enc_res_svt_vp9_mv_offline_2k_pumba_62.mp4,niqe,10.049,False
337,413,pumba_1920x1080_30.yuv,enc_res_svt_vp9_mv_offline_2k_pumba_62.mp4,niqe,12.162,True
338,39,tourist_1920x1080_60.yuv,enc_res_svt_vp9_mv_offline_2k_tourist_47.mp4,niqe,6.4724,True
339,15,tourist_1920x1080_60.yuv,enc_res_svt_vp9_mv_offline_2k_tourist_47.mp4,niqe,5.2806,False
340,16,tourist_1920x1080_60.yuv,enc_res_svt_vp9_mv_offline_2k_tourist_57.mp4,niqe,5.267,False
341,40,tourist_1920x1080_60.yuv,enc_res_svt_vp9_mv_offline_2k_tourist_57.mp4,niqe,6.4537,True
342,41,tourist_1920x1080_60.yuv,enc_res_svt_vp9_mv_offline_2k_tourist_63.mp4,niqe,6.6198,True
343,17,tourist_1920x1080_60.yuv,enc_res_svt_vp9_mv_offline_2k_tourist_63.mp4,niqe,5.3814,False
344,84,winter_riding_1920x1080_30.yuv,enc_res_svt_vp9_mv_offline_2k_winter_riding_62.mp4,niqe,6.4663,True
345,62,winter_riding_1920x1080_30.yuv,enc_res_svt_vp9_mv_offline_2k_winter_riding_62.mp4,niqe,5.2879,False
346,85,winter_riding_1920x1080_30.yuv,enc_res_svt_vp9_mv_offline_2k_winter_riding_63.mp4,niqe,6.5335,True
347,63,winter_riding_1920x1080_30.yuv,enc_res_svt_vp9_mv_offline_2k_winter_riding_63.mp4,niqe,5.3772,False
348,462,blue_hair_1920x1080_30.yuv,enc_res_x264_mv_offline_2k_blue_hair_31.mp4,niqe,11.009,True
349,438,blue_hair_1920x1080_30.yuv,enc_res_x264_mv_offline_2k_blue_hair_31.mp4,niqe,9.2023,False
350,463,blue_hair_1920x1080_30.yuv,enc_res_x264_mv_offline_2k_blue_hair_36.mp4,niqe,10.982,True
351,439,blue_hair_1920x1080_30.yuv,enc_res_x264_mv_offline_2k_blue_hair_36.mp4,niqe,9.3146,False
352,440,blue_hair_1920x1080_30.yuv,enc_res_x264_mv_offline_2k_blue_hair_44.mp4,niqe,9.3216,False
353,464,blue_hair_1920x1080_30.yuv,enc_res_x264_mv_offline_2k_blue_hair_44.mp4,niqe,10.734,True
354,134,boys_1920x1080_25.yuv,enc_res_x264_mv_offline_2k_boys_30.mp4,niqe,9.7179,True
355,110,boys_1920x1080_25.yuv,enc_res_x264_mv_offline_2k_boys_30.mp4,niqe,8.3076,False
356,135,boys_1920x1080_25.yuv,enc_res_x264_mv_offline_2k_boys_35.mp4,niqe,10.056,True
357,111,boys_1920x1080_25.yuv,enc_res_x264_mv_offline_2k_boys_35.mp4,niqe,8.5177,False
358,136,boys_1920x1080_25.yuv,enc_res_x264_mv_offline_2k_boys_41.mp4,niqe,10.413,True
359,112,boys_1920x1080_25.yuv,enc_res_x264_mv_offline_2k_boys_41.mp4,niqe,8.7577,False
360,157,game_streamer_1920x1080_30.yuv,enc_res_x264_mv_offline_2k_game_streamer_32.mp4,niqe,5.988,False
361,180,game_streamer_1920x1080_30.yuv,enc_res_x264_mv_offline_2k_game_streamer_32.mp4,niqe,6.8214,True
362,158,game_streamer_1920x1080_30.yuv,enc_res_x264_mv_offline_2k_game_streamer_34.mp4,niqe,6.0099,False
363,181,game_streamer_1920x1080_30.yuv,enc_res_x264_mv_offline_2k_game_streamer_34.mp4,niqe,7.0366,True
364,182,game_streamer_1920x1080_30.yuv,enc_res_x264_mv_offline_2k_game_streamer_36.mp4,niqe,7.7113,True
365,159,game_streamer_1920x1080_30.yuv,enc_res_x264_mv_offline_2k_game_streamer_36.mp4,niqe,6.1923,False
366,226,happy_dog_1920x1080_60.yuv,enc_res_x264_mv_offline_2k_happy_dog_32.mp4,niqe,8.764,True
367,203,happy_dog_1920x1080_60.yuv,enc_res_x264_mv_offline_2k_happy_dog_32.mp4,niqe,7.2382,False
368,204,happy_dog_1920x1080_60.yuv,enc_res_x264_mv_offline_2k_happy_dog_38.mp4,niqe,8.1919,False
369,227,happy_dog_1920x1080_60.yuv,enc_res_x264_mv_offline_2k_happy_dog_38.mp4,niqe,9.5483,True
370,205,happy_dog_1920x1080_60.yuv,enc_res_x264_mv_offline_2k_happy_dog_48.mp4,niqe,9.2746,False
371,228,happy_dog_1920x1080_60.yuv,enc_res_x264_mv_offline_2k_happy_dog_48.mp4,niqe,10.227,True
372,274,light_show_1920x1080_30.yuv,enc_res_x264_mv_offline_2k_light_show_26.mp4,niqe,11.702,True
373,250,light_show_1920x1080_30.yuv,enc_res_x264_mv_offline_2k_light_show_26.mp4,niqe,8.434,False
374,275,light_show_1920x1080_30.yuv,enc_res_x264_mv_offline_2k_light_show_31.mp4,niqe,11.851,True
375,251,light_show_1920x1080_30.yuv,enc_res_x264_mv_offline_2k_light_show_31.mp4,niqe,8.798,False
376,276,light_show_1920x1080_30.yuv,enc_res_x264_mv_offline_2k_light_show_38.mp4,niqe,11.938,True
377,252,light_show_1920x1080_30.yuv,enc_res_x264_mv_offline_2k_light_show_38.mp4,niqe,9.0885,False
378,298,mountain_dog_1920x1080_30.yuv,enc_res_x264_mv_offline_2k_mountain_dog_32.mp4,niqe,8.5684,False
379,322,mountain_dog_1920x1080_30.yuv,enc_res_x264_mv_offline_2k_mountain_dog_32.mp4,niqe,9.2712,True
380,323,mountain_dog_1920x1080_30.yuv,enc_res_x264_mv_offline_2k_mountain_dog_34.mp4,niqe,9.7339,True
381,299,mountain_dog_1920x1080_30.yuv,enc_res_x264_mv_offline_2k_mountain_dog_34.mp4,niqe,8.847,False
382,300,mountain_dog_1920x1080_30.yuv,enc_res_x264_mv_offline_2k_mountain_dog_37.mp4,niqe,9.665,False
383,324,mountain_dog_1920x1080_30.yuv,enc_res_x264_mv_offline_2k_mountain_dog_37.mp4,niqe,10.808,True
384,366,pool_underwater_1920x1080_25.yuv,enc_res_x264_mv_offline_2k_pool_underwater_35.mp4,niqe,9.0312,True
385,344,pool_underwater_1920x1080_25.yuv,enc_res_x264_mv_offline_2k_pool_underwater_35.mp4,niqe,8.7191,False
386,345,pool_underwater_1920x1080_25.yuv,enc_res_x264_mv_offline_2k_pool_underwater_39.mp4,niqe,8.9948,False
387,367,pool_underwater_1920x1080_25.yuv,enc_res_x264_mv_offline_2k_pool_underwater_39.mp4,niqe,9.8962,True
388,368,pool_underwater_1920x1080_25.yuv,enc_res_x264_mv_offline_2k_pool_underwater_42.mp4,niqe,10.82,True
389,346,pool_underwater_1920x1080_25.yuv,enc_res_x264_mv_offline_2k_pool_underwater_42.mp4,niqe,9.647,False
390,390,pumba_1920x1080_30.yuv,enc_res_x264_mv_offline_2k_pumba_31.mp4,niqe,10.294,False
391,414,pumba_1920x1080_30.yuv,enc_res_x264_mv_offline_2k_pumba_31.mp4,niqe,12.212,True
392,415,pumba_1920x1080_30.yuv,enc_res_x264_mv_offline_2k_pumba_34.mp4,niqe,11.66,True
393,391,pumba_1920x1080_30.yuv,enc_res_x264_mv_offline_2k_pumba_34.mp4,niqe,10.23,False
394,416,pumba_1920x1080_30.yuv,enc_res_x264_mv_offline_2k_pumba_38.mp4,niqe,11.948,True
395,392,pumba_1920x1080_30.yuv,enc_res_x264_mv_offline_2k_pumba_38.mp4,niqe,10.707,False
396,18,tourist_1920x1080_60.yuv,enc_res_x264_mv_offline_2k_tourist_25.mp4,niqe,5.4993,False
397,42,tourist_1920x1080_60.yuv,enc_res_x264_mv_offline_2k_tourist_25.mp4,niqe,6.7556,True
398,43,tourist_1920x1080_60.yuv,enc_res_x264_mv_offline_2k_tourist_31.mp4,niqe,6.9261,True
399,19,tourist_1920x1080_60.yuv,enc_res_x264_mv_offline_2k_tourist_31.mp4,niqe,5.6011,False
400,44,tourist_1920x1080_60.yuv,enc_res_x264_mv_offline_2k_tourist_37.mp4,niqe,7.4313,True
401,20,tourist_1920x1080_60.yuv,enc_res_x264_mv_offline_2k_tourist_37.mp4,niqe,5.8312,False
402,86,winter_riding_1920x1080_30.yuv,enc_res_x264_mv_offline_2k_winter_riding_35.mp4,niqe,7.1675,True
403,64,winter_riding_1920x1080_30.yuv,enc_res_x264_mv_offline_2k_winter_riding_35.mp4,niqe,5.4969,False
404,87,winter_riding_1920x1080_30.yuv,enc_res_x264_mv_offline_2k_winter_riding_40.mp4,niqe,8.2509,True
405,65,winter_riding_1920x1080_30.yuv,enc_res_x264_mv_offline_2k_winter_riding_40.mp4,niqe,6.3331,False
406,66,winter_riding_1920x1080_30.yuv,enc_res_x264_mv_offline_2k_winter_riding_45.mp4,niqe,7.1193,False
407,88,winter_riding_1920x1080_30.yuv,enc_res_x264_mv_offline_2k_winter_riding_45.mp4,niqe,9.3899,True
408,441,blue_hair_1920x1080_30.yuv,enc_res_x265_mv_offline_2k_blue_hair_28.mp4,niqe,8.4612,False
409,465,blue_hair_1920x1080_30.yuv,enc_res_x265_mv_offline_2k_blue_hair_28.mp4,niqe,10.528,True
410,442,blue_hair_1920x1080_30.yuv,enc_res_x265_mv_offline_2k_blue_hair_32.mp4,niqe,8.6826,False
411,466,blue_hair_1920x1080_30.yuv,enc_res_x265_mv_offline_2k_blue_hair_32.mp4,niqe,10.648,True
412,443,blue_hair_1920x1080_30.yuv,enc_res_x265_mv_offline_2k_blue_hair_37.mp4,niqe,8.948,False
413,467,blue_hair_1920x1080_30.yuv,enc_res_x265_mv_offline_2k_blue_hair_37.mp4,niqe,10.846,True
414,137,boys_1920x1080_25.yuv,enc_res_x265_mv_offline_2k_boys_30.mp4,niqe,9.8961,True
415,113,boys_1920x1080_25.yuv,enc_res_x265_mv_offline_2k_boys_30.mp4,niqe,9.0068,False
416,114,boys_1920x1080_25.yuv,enc_res_x265_mv_offline_2k_boys_35.mp4,niqe,8.5772,False
417,138,boys_1920x1080_25.yuv,enc_res_x265_mv_offline_2k_boys_35.mp4,niqe,9.8641,True
418,139,boys_1920x1080_25.yuv,enc_res_x265_mv_offline_2k_boys_40.mp4,niqe,10.062,True
419,115,boys_1920x1080_25.yuv,enc_res_x265_mv_offline_2k_boys_40.mp4,niqe,8.4302,False
420,183,game_streamer_1920x1080_30.yuv,enc_res_x265_mv_offline_2k_game_streamer_33.mp4,niqe,6.3804,True
421,160,game_streamer_1920x1080_30.yuv,enc_res_x265_mv_offline_2k_game_streamer_33.mp4,niqe,5.5292,False
422,161,game_streamer_1920x1080_30.yuv,enc_res_x265_mv_offline_2k_game_streamer_35.mp4,niqe,5.422,False
423,184,game_streamer_1920x1080_30.yuv,enc_res_x265_mv_offline_2k_game_streamer_35.mp4,niqe,6.4789,True
424,162,game_streamer_1920x1080_30.yuv,enc_res_x265_mv_offline_2k_game_streamer_37.mp4,niqe,5.2559,False
425,185,game_streamer_1920x1080_30.yuv,enc_res_x265_mv_offline_2k_game_streamer_37.mp4,niqe,6.5552,True
426,206,happy_dog_1920x1080_60.yuv,enc_res_x265_mv_offline_2k_happy_dog_31.mp4,niqe,6.1301,False
427,229,happy_dog_1920x1080_60.yuv,enc_res_x265_mv_offline_2k_happy_dog_31.mp4,niqe,7.6699,True
428,207,happy_dog_1920x1080_60.yuv,enc_res_x265_mv_offline_2k_happy_dog_36.mp4,niqe,6.6764,False
429,230,happy_dog_1920x1080_60.yuv,enc_res_x265_mv_offline_2k_happy_dog_36.mp4,niqe,8.1984,True
430,208,happy_dog_1920x1080_60.yuv,enc_res_x265_mv_offline_2k_happy_dog_41.mp4,niqe,7.5315,False
431,231,happy_dog_1920x1080_60.yuv,enc_res_x265_mv_offline_2k_happy_dog_41.mp4,niqe,9.0331,True
432,253,light_show_1920x1080_30.yuv,enc_res_x265_mv_offline_2k_light_show_24.mp4,niqe,7.6177,False
433,277,light_show_1920x1080_30.yuv,enc_res_x265_mv_offline_2k_light_show_24.mp4,niqe,11.075,True
434,254,light_show_1920x1080_30.yuv,enc_res_x265_mv_offline_2k_light_show_29.mp4,niqe,7.8583,False
435,278,light_show_1920x1080_30.yuv,enc_res_x265_mv_offline_2k_light_show_29.mp4,niqe,11.175,True
436,255,light_show_1920x1080_30.yuv,enc_res_x265_mv_offline_2k_light_show_34.mp4,niqe,8.1689,False
437,279,light_show_1920x1080_30.yuv,enc_res_x265_mv_offline_2k_light_show_34.mp4,niqe,11.308,True
438,301,mountain_dog_1920x1080_30.yuv,enc_res_x265_mv_offline_2k_mountain_dog_32.mp4,niqe,7.8904,False
439,325,mountain_dog_1920x1080_30.yuv,enc_res_x265_mv_offline_2k_mountain_dog_32.mp4,niqe,8.8743,True
440,326,mountain_dog_1920x1080_30.yuv,enc_res_x265_mv_offline_2k_mountain_dog_34.mp4,niqe,8.9731,True
441,302,mountain_dog_1920x1080_30.yuv,enc_res_x265_mv_offline_2k_mountain_dog_34.mp4,niqe,7.9768,False
442,327,mountain_dog_1920x1080_30.yuv,enc_res_x265_mv_offline_2k_mountain_dog_37.mp4,niqe,9.2785,True
443,303,mountain_dog_1920x1080_30.yuv,enc_res_x265_mv_offline_2k_mountain_dog_37.mp4,niqe,8.2789,False
444,347,pool_underwater_1920x1080_25.yuv,enc_res_x265_mv_offline_2k_pool_underwater_36.mp4,niqe,8.5615,False
445,369,pool_underwater_1920x1080_25.yuv,enc_res_x265_mv_offline_2k_pool_underwater_36.mp4,niqe,9.1002,True
446,370,pool_underwater_1920x1080_25.yuv,enc_res_x265_mv_offline_2k_pool_underwater_39.mp4,niqe,9.0396,True
447,348,pool_underwater_1920x1080_25.yuv,enc_res_x265_mv_offline_2k_pool_underwater_39.mp4,niqe,8.4463,False
448,371,pool_underwater_1920x1080_25.yuv,enc_res_x265_mv_offline_2k_pool_underwater_42.mp4,niqe,9.1158,True
449,349,pool_underwater_1920x1080_25.yuv,enc_res_x265_mv_offline_2k_pool_underwater_42.mp4,niqe,8.3954,False
450,417,pumba_1920x1080_30.yuv,enc_res_x265_mv_offline_2k_pumba_29.mp4,niqe,12.873,True
451,393,pumba_1920x1080_30.yuv,enc_res_x265_mv_offline_2k_pumba_29.mp4,niqe,12.818,False
452,418,pumba_1920x1080_30.yuv,enc_res_x265_mv_offline_2k_pumba_33.mp4,niqe,13.027,True
453,394,pumba_1920x1080_30.yuv,enc_res_x265_mv_offline_2k_pumba_33.mp4,niqe,11.767,False
454,395,pumba_1920x1080_30.yuv,enc_res_x265_mv_offline_2k_pumba_37.mp4,niqe,10.631,False
455,419,pumba_1920x1080_30.yuv,enc_res_x265_mv_offline_2k_pumba_37.mp4,niqe,12.901,True
456,45,tourist_1920x1080_60.yuv,enc_res_x265_mv_offline_2k_tourist_26.mp4,niqe,6.4643,True
457,21,tourist_1920x1080_60.yuv,enc_res_x265_mv_offline_2k_tourist_26.mp4,niqe,5.2693,False
458,46,tourist_1920x1080_60.yuv,enc_res_x265_mv_offline_2k_tourist_30.mp4,niqe,6.4719,True
459,22,tourist_1920x1080_60.yuv,enc_res_x265_mv_offline_2k_tourist_30.mp4,niqe,5.2806,False
460,23,tourist_1920x1080_60.yuv,enc_res_x265_mv_offline_2k_tourist_35.mp4,niqe,5.2814,False
461,47,tourist_1920x1080_60.yuv,enc_res_x265_mv_offline_2k_tourist_35.mp4,niqe,6.4937,True
462,89,winter_riding_1920x1080_30.yuv,enc_res_x265_mv_offline_2k_winter_riding_37.mp4,niqe,5.8189,True
463,67,winter_riding_1920x1080_30.yuv,enc_res_x265_mv_offline_2k_winter_riding_37.mp4,niqe,4.5314,False
464,68,winter_riding_1920x1080_30.yuv,enc_res_x265_mv_offline_2k_winter_riding_41.mp4,niqe,5.1722,False
465,90,winter_riding_1920x1080_30.yuv,enc_res_x265_mv_offline_2k_winter_riding_41.mp4,niqe,6.4195,True
466,91,winter_riding_1920x1080_30.yuv,enc_res_x265_mv_offline_2k_winter_riding_46.mp4,niqe,7.6233,True
467,69,winter_riding_1920x1080_30.yuv,enc_res_x265_mv_offline_2k_winter_riding_46.mp4,niqe,6.3188,False
